ED,Street1,Street2,Street3,Street4,Street5,Street6,Street7,Street8,Street9,Street10,Street11,Street12,Street13,Street14,Street15,Street16,Street17,Street18,Street19,Street20,Street21,Street22,Street23,Street24,Street25,Street26,Street27,Street28,Street29,Street30,Street31,Street32,Street33,Street34,Street35,Street36,Street37,Street38,Street39,Street40,Street41,Street42,Street43,Street44,Street45,Street46,Street47,Street48,Street49,Street50,Street51,Street52,Street53,Street54,Street55,Street56,Street57,Street58,Street59,Street60,Street61,Street62,Street63,Street64,Street65,Street66,Street67,Street68,Street69,Street70,Street71,Street72,Street73
1,COLUMBIA HTS,CRANBERRY,DOUGHTY,ELIZABETH PL,EVERITT,FRONT,FULTON,FURMAN,HICKS,MCKENNEY,MCKENNY,MIDDAGH,OLD FULTON,POPLAR,VINE,WILLOW,NA,NA,NA,NA,NA,NA,NA,NA,NA,NA,NA,NA,NA,NA,NA,NA,NA,NA,NA,NA,NA,NA,NA,NA,NA,NA,NA,NA,NA,NA,NA,NA,NA,NA,NA,NA,NA,NA,NA,NA,NA,NA,NA,NA,NA,NA,NA,NA,NA,NA,NA,NA,NA,NA,NA,NA,NA
2,CLARK,COLUMBIA HTS,CRANBERRY,FURMAN,HICKS,LOVE LN,ORANGE,PIERREPONT,PIERREPONT PL,PINEAPPLE,WILLOW,NA,NA,NA,NA,NA,NA,NA,NA,NA,NA,NA,NA,NA,NA,NA,NA,NA,NA,NA,NA,NA,NA,NA,NA,NA,NA,NA,NA,NA,NA,NA,NA,NA,NA,NA,NA,NA,NA,NA,NA,NA,NA,NA,NA,NA,NA,NA,NA,NA,NA,NA,NA,NA,NA,NA,NA,NA,NA,NA,NA,NA,NA
3,COLUMBIA HTS,COLUMBIA PL,FURMAN,GRACE CT,GRACE CT ALY,HICKS,JORALEMON,MONTAGUE,MONTAGUE TER,PIERREPONT,PIERREPONT PL,REMSEN,STATE,WILLOW,WILLOW PL,NA,NA,NA,NA,NA,NA,NA,NA,NA,NA,NA,NA,NA,NA,NA,NA,NA,NA,NA,NA,NA,NA,NA,NA,NA,NA,NA,NA,NA,NA,NA,NA,NA,NA,NA,NA,NA,NA,NA,NA,NA,NA,NA,NA,NA,NA,NA,NA,NA,NA,NA,NA,NA,NA,NA,NA,NA,NA
4,ATLANTIC AVE,COLUMBIA,COLUMBIA PL,EMMETT,FURMAN,HICKS,JORALEMON,STATE,WILLOW PL,NA,NA,NA,NA,NA,NA,NA,NA,NA,NA,NA,NA,NA,NA,NA,NA,NA,NA,NA,NA,NA,NA,NA,NA,NA,NA,NA,NA,NA,NA,NA,NA,NA,NA,NA,NA,NA,NA,NA,NA,NA,NA,NA,NA,NA,NA,NA,NA,NA,NA,NA,NA,NA,NA,NA,NA,NA,NA,NA,NA,NA,NA,NA,NA
5,CADMAN W PLZ,CRANBERRY,DOUGHTY,FULTON,HENRY,HICKS,HIGH,MAIN,MIDDAGH,NASSAU,OLD FULTON,ORANGE,PINEAPPLE,PINEAPPLE WALK,POPLAR,PROSPECT,SANDS,YORK,NA,NA,NA,NA,NA,NA,NA,NA,NA,NA,NA,NA,NA,NA,NA,NA,NA,NA,NA,NA,NA,NA,NA,NA,NA,NA,NA,NA,NA,NA,NA,NA,NA,NA,NA,NA,NA,NA,NA,NA,NA,NA,NA,NA,NA,NA,NA,NA,NA,NA,NA,NA,NA,NA,NA
6,CADMAN W PLZ,CLARK,CLINTON,COLLEGE PL,CONCORD,FULTON,HENRY,HICKS,JOHNSON,LOVE LN,MONROE PL,MONTAGUE,PIERREPONT,PINEAPPLE,PINEAPPLE WALK,SPRAGUES ALY,TILLARY,WASHINGTON,NA,NA,NA,NA,NA,NA,NA,NA,NA,NA,NA,NA,NA,NA,NA,NA,NA,NA,NA,NA,NA,NA,NA,NA,NA,NA,NA,NA,NA,NA,NA,NA,NA,NA,NA,NA,NA,NA,NA,NA,NA,NA,NA,NA,NA,NA,NA,NA,NA,NA,NA,NA,NA,NA,NA
7,ADAMS,ATLANTIC AVE,BOERUM PL,CADMAN W PLZ,CLINTON,CT,FULTON,JORALEMON,LIVINGSTON,MONTAGUE,REMSEN,SCHERMERHORN,STATE,WASHINGTON,WILLOUGHBY,NA,NA,NA,NA,NA,NA,NA,NA,NA,NA,NA,NA,NA,NA,NA,NA,NA,NA,NA,NA,NA,NA,NA,NA,NA,NA,NA,NA,NA,NA,NA,NA,NA,NA,NA,NA,NA,NA,NA,NA,NA,NA,NA,NA,NA,NA,NA,NA,NA,NA,NA,NA,NA,NA,NA,NA,NA,NA
8,AITKEN PL,ATLANTIC AVE,CLINTON,HENRY,HUNTS LN,JORALEMON,LIVINGSTON,MONTAGUE,REMSEN,SCHERMERHORN,SIDNEY PL,STATE,NA,NA,NA,NA,NA,NA,NA,NA,NA,NA,NA,NA,NA,NA,NA,NA,NA,NA,NA,NA,NA,NA,NA,NA,NA,NA,NA,NA,NA,NA,NA,NA,NA,NA,NA,NA,NA,NA,NA,NA,NA,NA,NA,NA,NA,NA,NA,NA,NA,NA,NA,NA,NA,NA,NA,NA,NA,NA,NA,NA,NA
9,ATLANTIC AVE,GARDEN PL,GRACE CT,GRACE CT ALY,HENRY,HICKS,JORALEMON,MONTAGUE,REMSEN,STATE,NA,NA,NA,NA,NA,NA,NA,NA,NA,NA,NA,NA,NA,NA,NA,NA,NA,NA,NA,NA,NA,NA,NA,NA,NA,NA,NA,NA,NA,NA,NA,NA,NA,NA,NA,NA,NA,NA,NA,NA,NA,NA,NA,NA,NA,NA,NA,NA,NA,NA,NA,NA,NA,NA,NA,NA,NA,NA,NA,NA,NA,NA,NA
10,. ANNS CT,CADMAN E PLZ,CADMAN W PLZ,COLUMBIA HTS,DOCK,ELIZABETH PL,FRONT,FULTON,FURMAN,GARRISON,HARRISON CT,HENRY,HICKS,HOWARD CT,JAMES,MAIN,MERCEIN,OLD DOCK,OLD FULTON,PLYMOUTH,PROSPECT,SAND,SANDS,WASHINGTON,WATER,YORK,NA,NA,NA,NA,NA,NA,NA,NA,NA,NA,NA,NA,NA,NA,NA,NA,NA,NA,NA,NA,NA,NA,NA,NA,NA,NA,NA,NA,NA,NA,NA,NA,NA,NA,NA,NA,NA,NA,NA,NA,NA,NA,NA,NA,NA,NA,NA
11,. ANNS CT,ADAMS,CADMAN E PLZ,FLEET ALY,FLEETS ALY,FLINT,FRONT,HOWARD CT,MAIN,PLYMOUTH,PROSPECT,SAND,SANDS,STEWARTS ALY,WASHINGTON,WATER,YORK,NA,NA,NA,NA,NA,NA,NA,NA,NA,NA,NA,NA,NA,NA,NA,NA,NA,NA,NA,NA,NA,NA,NA,NA,NA,NA,NA,NA,NA,NA,NA,NA,NA,NA,NA,NA,NA,NA,NA,NA,NA,NA,NA,NA,NA,NA,NA,NA,NA,NA,NA,NA,NA,NA,NA,NA
12,ADAMS,FRANKLIN PL,FRONT,JAY,JOHN,MARSHALL,PEARL,PLYMOUTH,PROSPECT,SAND,SANDS,TALMAN,WASHINGTON,WATER,YORK,NA,NA,NA,NA,NA,NA,NA,NA,NA,NA,NA,NA,NA,NA,NA,NA,NA,NA,NA,NA,NA,NA,NA,NA,NA,NA,NA,NA,NA,NA,NA,NA,NA,NA,NA,NA,NA,NA,NA,NA,NA,NA,NA,NA,NA,NA,NA,NA,NA,NA,NA,NA,NA,NA,NA,NA,NA,NA
13,BRG,FRANKLIN PL,FRONT,JAY,JOHN,MARSHALL,PHILLIPS ALY,PLYMOUTH,PROSPECT,PROSPECT TER,SAND,SANDS,TALMAN,WALDRON PL,WATER,YORK,NA,NA,NA,NA,NA,NA,NA,NA,NA,NA,NA,NA,NA,NA,NA,NA,NA,NA,NA,NA,NA,NA,NA,NA,NA,NA,NA,NA,NA,NA,NA,NA,NA,NA,NA,NA,NA,NA,NA,NA,NA,NA,NA,NA,NA,NA,NA,NA,NA,NA,NA,NA,NA,NA,NA,NA,NA
14,ATLANTIC AVE,BOERUM PL,BRG,FULTON,GALLATIN PL,HOYT,JAY,LAWRENCE,LIVINGSTON,PEARL,RED HOOK LN,SCHERMERHORN,SMITH,STATE,NA,NA,NA,NA,NA,NA,NA,NA,NA,NA,NA,NA,NA,NA,NA,NA,NA,NA,NA,NA,NA,NA,NA,NA,NA,NA,NA,NA,NA,NA,NA,NA,NA,NA,NA,NA,NA,NA,NA,NA,NA,NA,NA,NA,NA,NA,NA,NA,NA,NA,NA,NA,NA,NA,NA,NA,NA,NA,NA
15,3 AVE,BOND,DEKALB AVE,DUFFIELD,ELM PL,FLATBUSH AVE,FULTON,FULTON PL,GOLD,GROVE PL,HANOVER PL,HOYT,LAFAYETTE AVE,LIVINGSTON,NAVY,NEVINS,SCHERMERHORN,STATE,NA,NA,NA,NA,NA,NA,NA,NA,NA,NA,NA,NA,NA,NA,NA,NA,NA,NA,NA,NA,NA,NA,NA,NA,NA,NA,NA,NA,NA,NA,NA,NA,NA,NA,NA,NA,NA,NA,NA,NA,NA,NA,NA,NA,NA,NA,NA,NA,NA,NA,NA,NA,NA,NA,NA
16,3 AVE,4 AVE,ATLANTIC AVE,FLATBUSH AVE,HANSON PL,NEVINS,PACIFIC,RAYMOND,STATE,NA,NA,NA,NA,NA,NA,NA,NA,NA,NA,NA,NA,NA,NA,NA,NA,NA,NA,NA,NA,NA,NA,NA,NA,NA,NA,NA,NA,NA,NA,NA,NA,NA,NA,NA,NA,NA,NA,NA,NA,NA,NA,NA,NA,NA,NA,NA,NA,NA,NA,NA,NA,NA,NA,NA,NA,NA,NA,NA,NA,NA,NA,NA,NA
17,3 AVE,4 AVE,BERGEN,DEAN,NEVINS,PACIFIC,NA,NA,NA,NA,NA,NA,NA,NA,NA,NA,NA,NA,NA,NA,NA,NA,NA,NA,NA,NA,NA,NA,NA,NA,NA,NA,NA,NA,NA,NA,NA,NA,NA,NA,NA,NA,NA,NA,NA,NA,NA,NA,NA,NA,NA,NA,NA,NA,NA,NA,NA,NA,NA,NA,NA,NA,NA,NA,NA,NA,NA,NA,NA,NA,NA,NA,NA
18,ATLANTIC AVE,BERGEN,BOND,DEAN,HOYT,NEVINS,PACIFIC,SCHERMERHORN,STATE,NA,NA,NA,NA,NA,NA,NA,NA,NA,NA,NA,NA,NA,NA,NA,NA,NA,NA,NA,NA,NA,NA,NA,NA,NA,NA,NA,NA,NA,NA,NA,NA,NA,NA,NA,NA,NA,NA,NA,NA,NA,NA,NA,NA,NA,NA,NA,NA,NA,NA,NA,NA,NA,NA,NA,NA,NA,NA,NA,NA,NA,NA,NA,NA
19,ATLANTIC AVE,BERGEN,BOND,DEAN,HOYT,PACIFIC,SMITH,NA,NA,NA,NA,NA,NA,NA,NA,NA,NA,NA,NA,NA,NA,NA,NA,NA,NA,NA,NA,NA,NA,NA,NA,NA,NA,NA,NA,NA,NA,NA,NA,NA,NA,NA,NA,NA,NA,NA,NA,NA,NA,NA,NA,NA,NA,NA,NA,NA,NA,NA,NA,NA,NA,NA,NA,NA,NA,NA,NA,NA,NA,NA,NA,NA,NA
20,AMITY,ATLANTIC AVE,BERGEN,BOERUM PL,CT,DEAN,PACIFIC,SMITH,NA,NA,NA,NA,NA,NA,NA,NA,NA,NA,NA,NA,NA,NA,NA,NA,NA,NA,NA,NA,NA,NA,NA,NA,NA,NA,NA,NA,NA,NA,NA,NA,NA,NA,NA,NA,NA,NA,NA,NA,NA,NA,NA,NA,NA,NA,NA,NA,NA,NA,NA,NA,NA,NA,NA,NA,NA,NA,NA,NA,NA,NA,NA,NA,NA
21,ADAMS,BRG,CONCORD,GOTHIC ALY,HARTS ALY,HIGH,JAY,NASSAU,PEARL,SAND,SANDS,NA,NA,NA,NA,NA,NA,NA,NA,NA,NA,NA,NA,NA,NA,NA,NA,NA,NA,NA,NA,NA,NA,NA,NA,NA,NA,NA,NA,NA,NA,NA,NA,NA,NA,NA,NA,NA,NA,NA,NA,NA,NA,NA,NA,NA,NA,NA,NA,NA,NA,NA,NA,NA,NA,NA,NA,NA,NA,NA,NA,NA,NA
22,ADAMS,BRG,CADMAN E PLZ,CATHEDRAL PL,CHAPEL,CONCORD,HARPER CT,JAY,LAWRENCE,LAWRENCE PL,NUTRIA ALY,PEARL,STRYKER CT,TILLARY,WASHINGTON,NA,NA,NA,NA,NA,NA,NA,NA,NA,NA,NA,NA,NA,NA,NA,NA,NA,NA,NA,NA,NA,NA,NA,NA,NA,NA,NA,NA,NA,NA,NA,NA,NA,NA,NA,NA,NA,NA,NA,NA,NA,NA,NA,NA,NA,NA,NA,NA,NA,NA,NA,NA,NA,NA,NA,NA,NA,NA
23,ADAMS,BRG,FLOODS ALY,JAY,JOHNSON,LAWRENCE,MYRTLE AVE,PEARL,TECH PL,UNION LN,WASHINGTON,NA,NA,NA,NA,NA,NA,NA,NA,NA,NA,NA,NA,NA,NA,NA,NA,NA,NA,NA,NA,NA,NA,NA,NA,NA,NA,NA,NA,NA,NA,NA,NA,NA,NA,NA,NA,NA,NA,NA,NA,NA,NA,NA,NA,NA,NA,NA,NA,NA,NA,NA,NA,NA,NA,NA,NA,NA,NA,NA,NA,NA,NA
24,ADAMS,BRG,CADMAN E PLZ,FLOODS ALY,JAY,JOHNSON,LAWRENCE,PEARL,TECH PL,TILLARY,WASHINGTON,NA,NA,NA,NA,NA,NA,NA,NA,NA,NA,NA,NA,NA,NA,NA,NA,NA,NA,NA,NA,NA,NA,NA,NA,NA,NA,NA,NA,NA,NA,NA,NA,NA,NA,NA,NA,NA,NA,NA,NA,NA,NA,NA,NA,NA,NA,NA,NA,NA,NA,NA,NA,NA,NA,NA,NA,NA,NA,NA,NA,NA,NA
25,ADAMS,BOERUM PL,BRG,FLOODS ALY,FULTON,GALLATIN PL,JAY,JORALEMON,LAWRENCE,MYRTLE AVE,PEARL,RED HOOK LN,SMITH,UNION LN,WASHINGTON,WILLOUGHBY,NA,NA,NA,NA,NA,NA,NA,NA,NA,NA,NA,NA,NA,NA,NA,NA,NA,NA,NA,NA,NA,NA,NA,NA,NA,NA,NA,NA,NA,NA,NA,NA,NA,NA,NA,NA,NA,NA,NA,NA,NA,NA,NA,NA,NA,NA,NA,NA,NA,NA,NA,NA,NA,NA,NA,NA,NA
26,ADAMS,CADMAN E PLZ,CADMAN W PLZ,CLARK,CLINTON,CONCORD,CRANBERRY,FORCES PL,FULTON,GOTHIC ALY,HIGH,JOHNSON,LIBERTY,MIDDAGH,MONTAGUE,MUMBYS ALY,MYRTLE AVE,NASSAU,NAYLORS ALY,PIERREPONT,PINEAPPLE,SAND,SANDS,SNELLS ALY,SPRAGUES ALY,TILLARY,WASHINGTON,WASHINGTON PL,NA,NA,NA,NA,NA,NA,NA,NA,NA,NA,NA,NA,NA,NA,NA,NA,NA,NA,NA,NA,NA,NA,NA,NA,NA,NA,NA,NA,NA,NA,NA,NA,NA,NA,NA,NA,NA,NA,NA,NA,NA,NA,NA,NA,NA
27,BRG,GOLD,HUDSON AVE,JOHN,LITTLE,MARSHALL,PLYMOUTH,UNITED STATES,NA,NA,NA,NA,NA,NA,NA,NA,NA,NA,NA,NA,NA,NA,NA,NA,NA,NA,NA,NA,NA,NA,NA,NA,NA,NA,NA,NA,NA,NA,NA,NA,NA,NA,NA,NA,NA,NA,NA,NA,NA,NA,NA,NA,NA,NA,NA,NA,NA,NA,NA,NA,NA,NA,NA,NA,NA,NA,NA,NA,NA,NA,NA,NA,NA
28,BRG,EVANS,FRONT,GOLD,HARRISON ALY,HUDSON AVE,JACKSON CT,LITTLE,PLYMOUTH,UNITED STATES,WATER,NA,NA,NA,NA,NA,NA,NA,NA,NA,NA,NA,NA,NA,NA,NA,NA,NA,NA,NA,NA,NA,NA,NA,NA,NA,NA,NA,NA,NA,NA,NA,NA,NA,NA,NA,NA,NA,NA,NA,NA,NA,NA,NA,NA,NA,NA,NA,NA,NA,NA,NA,NA,NA,NA,NA,NA,NA,NA,NA,NA,NA,NA
29,BRG,CHARLES,CORNELLS ALY,DUFFIELD,FRONT,GOLD,HARTS ALY,HIGH,NASSAU,PROSPECT,SAND,SANDS,TALMAN,YORK,NA,NA,NA,NA,NA,NA,NA,NA,NA,NA,NA,NA,NA,NA,NA,NA,NA,NA,NA,NA,NA,NA,NA,NA,NA,NA,NA,NA,NA,NA,NA,NA,NA,NA,NA,NA,NA,NA,NA,NA,NA,NA,NA,NA,NA,NA,NA,NA,NA,NA,NA,NA,NA,NA,NA,NA,NA,NA,NA
30,BRG RD,CORNELLS ALY,DIXONS ALY,FRONT,GOLD,GREEN LN,HUDSON AVE,JACKSON CT,NAVY,PROSPECT,SAND,SANDS,YORK,NA,NA,NA,NA,NA,NA,NA,NA,NA,NA,NA,NA,NA,NA,NA,NA,NA,NA,NA,NA,NA,NA,NA,NA,NA,NA,NA,NA,NA,NA,NA,NA,NA,NA,NA,NA,NA,NA,NA,NA,NA,NA,NA,NA,NA,NA,NA,NA,NA,NA,NA,NA,NA,NA,NA,NA,NA,NA,NA,NA
31,BRG RD,CONCORD,CONCORD PL,DIXONS ALY,FLUSHING AVE,GOLD,GREEN LN,HIGH,HUDSON AVE,NASSAU,NASSAU PL,NAVY,NAVY YARD,PRINCE,SAND,SANDS,SMITHS ALY,WAY HOME,NA,NA,NA,NA,NA,NA,NA,NA,NA,NA,NA,NA,NA,NA,NA,NA,NA,NA,NA,NA,NA,NA,NA,NA,NA,NA,NA,NA,NA,NA,NA,NA,NA,NA,NA,NA,NA,NA,NA,NA,NA,NA,NA,NA,NA,NA,NA,NA,NA,NA,NA,NA,NA,NA,NA
32,BRG,CHAPEL,CONCORD,DUFFIELD,GOLD,JOHNSON,MATILDA PL,NASSAU,TECH PL,TILLARY,WAY HOME,NA,NA,NA,NA,NA,NA,NA,NA,NA,NA,NA,NA,NA,NA,NA,NA,NA,NA,NA,NA,NA,NA,NA,NA,NA,NA,NA,NA,NA,NA,NA,NA,NA,NA,NA,NA,NA,NA,NA,NA,NA,NA,NA,NA,NA,NA,NA,NA,NA,NA,NA,NA,NA,NA,NA,NA,NA,NA,NA,NA,NA,NA
33,FLEET PL,GOLD,HUDSON AVE,JOHNSON,NAVY,PRINCE,TILLARY,NA,NA,NA,NA,NA,NA,NA,NA,NA,NA,NA,NA,NA,NA,NA,NA,NA,NA,NA,NA,NA,NA,NA,NA,NA,NA,NA,NA,NA,NA,NA,NA,NA,NA,NA,NA,NA,NA,NA,NA,NA,NA,NA,NA,NA,NA,NA,NA,NA,NA,NA,NA,NA,NA,NA,NA,NA,NA,NA,NA,NA,NA,NA,NA,NA,NA
34,CONCORD,CONCORD PL,FLEET PL,GOLD,HUDSON AVE,NASSAU PL,NAVY,PARK AVE,PRINCE,PRINCE CT,TILLARY,NA,NA,NA,NA,NA,NA,NA,NA,NA,NA,NA,NA,NA,NA,NA,NA,NA,NA,NA,NA,NA,NA,NA,NA,NA,NA,NA,NA,NA,NA,NA,NA,NA,NA,NA,NA,NA,NA,NA,NA,NA,NA,NA,NA,NA,NA,NA,NA,NA,NA,NA,NA,NA,NA,NA,NA,NA,NA,NA,NA,NA,NA
35,AMITY,ATLANTIC AVE,CLINTON,COLUMBIA,COLUMBIA PL,CT,EMMETT,FURMAN,HENRY,HICKS,PACIFIC,SMOKY HOLLOW,NA,NA,NA,NA,NA,NA,NA,NA,NA,NA,NA,NA,NA,NA,NA,NA,NA,NA,NA,NA,NA,NA,NA,NA,NA,NA,NA,NA,NA,NA,NA,NA,NA,NA,NA,NA,NA,NA,NA,NA,NA,NA,NA,NA,NA,NA,NA,NA,NA,NA,NA,NA,NA,NA,NA,NA,NA,NA,NA,NA,NA
36,AMITY,CLINTON,COLUMBIA,CONGRESS,CT,DEAN,EMMETT,HENRY,HICKS,PACIFIC,NA,NA,NA,NA,NA,NA,NA,NA,NA,NA,NA,NA,NA,NA,NA,NA,NA,NA,NA,NA,NA,NA,NA,NA,NA,NA,NA,NA,NA,NA,NA,NA,NA,NA,NA,NA,NA,NA,NA,NA,NA,NA,NA,NA,NA,NA,NA,NA,NA,NA,NA,NA,NA,NA,NA,NA,NA,NA,NA,NA,NA,NA,NA
37,BALTIC,BALTIC EXT,CANAL,CLINTON,COLUMBIA,CONGRESS,CT,HENRY,HICKS,VERANDA PL,VERANDAH PL,WARREN,NA,NA,NA,NA,NA,NA,NA,NA,NA,NA,NA,NA,NA,NA,NA,NA,NA,NA,NA,NA,NA,NA,NA,NA,NA,NA,NA,NA,NA,NA,NA,NA,NA,NA,NA,NA,NA,NA,NA,NA,NA,NA,NA,NA,NA,NA,NA,NA,NA,NA,NA,NA,NA,NA,NA,NA,NA,NA,NA,NA,NA
38,BALTIC,BUTLER,CHEEVER PL,CLINTON,CT,DE GRAW,DEGRAW,DOUGLASS,HARRISON,HENRY,HICKS,KANE,STRONG PL,TOMPKINS PL,NA,NA,NA,NA,NA,NA,NA,NA,NA,NA,NA,NA,NA,NA,NA,NA,NA,NA,NA,NA,NA,NA,NA,NA,NA,NA,NA,NA,NA,NA,NA,NA,NA,NA,NA,NA,NA,NA,NA,NA,NA,NA,NA,NA,NA,NA,NA,NA,NA,NA,NA,NA,NA,NA,NA,NA,NA,NA,NA
39,BALTIC,BALTIC EXT,COLUMBIA,DE GRAW,DEGRAW,HARRISON,HENRY,HICKS,IRVING,KANE,SEDGEWICK,SEDGWICK,TIFFANY PL,VAN BRUNT,NA,NA,NA,NA,NA,NA,NA,NA,NA,NA,NA,NA,NA,NA,NA,NA,NA,NA,NA,NA,NA,NA,NA,NA,NA,NA,NA,NA,NA,NA,NA,NA,NA,NA,NA,NA,NA,NA,NA,NA,NA,NA,NA,NA,NA,NA,NA,NA,NA,NA,NA,NA,NA,NA,NA,NA,NA,NA,NA
40,BEACH PL,CHEEVER PL,CLINTON,COLUMBIA,CT,DE GRAW,DEGRAW,EAST RIVER,FERRY PL,HENRY,HICKS,SACKETT,SEDGEWICK,SEDGWICK,STRONG PL,TIFFANY PL,TOMPKINS PL,VAN BRUNT,NA,NA,NA,NA,NA,NA,NA,NA,NA,NA,NA,NA,NA,NA,NA,NA,NA,NA,NA,NA,NA,NA,NA,NA,NA,NA,NA,NA,NA,NA,NA,NA,NA,NA,NA,NA,NA,NA,NA,NA,NA,NA,NA,NA,NA,NA,NA,NA,NA,NA,NA,NA,NA,NA,NA
41,BEACH PL,CLINTON,COLUMBIA,CONOVER,CT,FERRY PL,HAMILTON AVE,HENRY,HICKS,PRESIDENT,SACKETT,UNION,UNION CT,VAN BRUNT,NA,NA,NA,NA,NA,NA,NA,NA,NA,NA,NA,NA,NA,NA,NA,NA,NA,NA,NA,NA,NA,NA,NA,NA,NA,NA,NA,NA,NA,NA,NA,NA,NA,NA,NA,NA,NA,NA,NA,NA,NA,NA,NA,NA,NA,NA,NA,NA,NA,NA,NA,NA,NA,NA,NA,NA,NA,NA,NA
42,CARROLL,COLUMBIA,CONOVER,HAMILTON AVE,HICKS,IMLAY,PRESIDENT,UNION,VAN BRUNT,NA,NA,NA,NA,NA,NA,NA,NA,NA,NA,NA,NA,NA,NA,NA,NA,NA,NA,NA,NA,NA,NA,NA,NA,NA,NA,NA,NA,NA,NA,NA,NA,NA,NA,NA,NA,NA,NA,NA,NA,NA,NA,NA,NA,NA,NA,NA,NA,NA,NA,NA,NA,NA,NA,NA,NA,NA,NA,NA,NA,NA,NA,NA,NA
43,1 PL,CARROLL,COLUMBIA,HAMILTON AVE,HENRY,HICKS,PRESIDENT,SUMMIT,VAN BRUNT,WOODHULL,NA,NA,NA,NA,NA,NA,NA,NA,NA,NA,NA,NA,NA,NA,NA,NA,NA,NA,NA,NA,NA,NA,NA,NA,NA,NA,NA,NA,NA,NA,NA,NA,NA,NA,NA,NA,NA,NA,NA,NA,NA,NA,NA,NA,NA,NA,NA,NA,NA,NA,NA,NA,NA,NA,NA,NA,NA,NA,NA,NA,NA,NA,NA
44,1 PL,2 PL,3 PL,CARROLL,CLINTON,CT,HENRY,PRESIDENT,RAPELYE,SUMMIT,WOODHULL,NA,NA,NA,NA,NA,NA,NA,NA,NA,NA,NA,NA,NA,NA,NA,NA,NA,NA,NA,NA,NA,NA,NA,NA,NA,NA,NA,NA,NA,NA,NA,NA,NA,NA,NA,NA,NA,NA,NA,NA,NA,NA,NA,NA,NA,NA,NA,NA,NA,NA,NA,NA,NA,NA,NA,NA,NA,NA,NA,NA,NA,NA
45,2 PL,3 PL,4 PL,CLINTON,COLES,COLUMBIA,CT,HAMILTON AVE,HENRY,HICKS,MANHASSET PL,RAPELYE,SUMMIT,WOODHULL,NA,NA,NA,NA,NA,NA,NA,NA,NA,NA,NA,NA,NA,NA,NA,NA,NA,NA,NA,NA,NA,NA,NA,NA,NA,NA,NA,NA,NA,NA,NA,NA,NA,NA,NA,NA,NA,NA,NA,NA,NA,NA,NA,NA,NA,NA,NA,NA,NA,NA,NA,NA,NA,NA,NA,NA,NA,NA,NA
46,BEDFORD AVE,FLUSHING AVE,FRANKLIN AVE,GRAHAM,KENT AVE,LITTLE NASSAU,MYRTLE AVE,PARK AVE,SKILLMAN,TAAFFE PL,NA,NA,NA,NA,NA,NA,NA,NA,NA,NA,NA,NA,NA,NA,NA,NA,NA,NA,NA,NA,NA,NA,NA,NA,NA,NA,NA,NA,NA,NA,NA,NA,NA,NA,NA,NA,NA,NA,NA,NA,NA,NA,NA,NA,NA,NA,NA,NA,NA,NA,NA,NA,NA,NA,NA,NA,NA,NA,NA,NA,NA,NA,NA
47,CLASON AVE,EMERSON PL,FLUSHING AVE,GRAHAM,GRAND AVE,MYRTLE AVE,PARK AVE,RYERSON,RYERSON WALK,SCHENCK,STEUBEN,TAAFFE PL,WILLIAMSBURGH RD,NA,NA,NA,NA,NA,NA,NA,NA,NA,NA,NA,NA,NA,NA,NA,NA,NA,NA,NA,NA,NA,NA,NA,NA,NA,NA,NA,NA,NA,NA,NA,NA,NA,NA,NA,NA,NA,NA,NA,NA,NA,NA,NA,NA,NA,NA,NA,NA,NA,NA,NA,NA,NA,NA,NA,NA,NA,NA,NA,NA
48,FLUSHING AVE,HALL,MYRTLE AVE,PARK AVE,RYERSON,RYERSON WALK,WASHINGTON AVE,NA,NA,NA,NA,NA,NA,NA,NA,NA,NA,NA,NA,NA,NA,NA,NA,NA,NA,NA,NA,NA,NA,NA,NA,NA,NA,NA,NA,NA,NA,NA,NA,NA,NA,NA,NA,NA,NA,NA,NA,NA,NA,NA,NA,NA,NA,NA,NA,NA,NA,NA,NA,NA,NA,NA,NA,NA,NA,NA,NA,NA,NA,NA,NA,NA,NA
49,. JAMES PL,DE KALB AVE,DEKALB AVE,HALL,JAMESS PL,LAFAYETTE AVE,MYRTLE AVE,RYERSON,RYERSON WALK,WASHINGTON AVE,WILLOUGHBY AVE,NA,NA,NA,NA,NA,NA,NA,NA,NA,NA,NA,NA,NA,NA,NA,NA,NA,NA,NA,NA,NA,NA,NA,NA,NA,NA,NA,NA,NA,NA,NA,NA,NA,NA,NA,NA,NA,NA,NA,NA,NA,NA,NA,NA,NA,NA,NA,NA,NA,NA,NA,NA,NA,NA,NA,NA,NA,NA,NA,NA,NA,NA
50,CLASON AVE,DE KALB AVE,DEKALB AVE,EMERSON PL,GRAHAM,GRAND AVE,KENT AVE,MYRTLE AVE,RYERSON,RYERSON WALK,SCHENCK,STEUBEN,TAAFFE PL,WILLOUGHBY AVE,NA,NA,NA,NA,NA,NA,NA,NA,NA,NA,NA,NA,NA,NA,NA,NA,NA,NA,NA,NA,NA,NA,NA,NA,NA,NA,NA,NA,NA,NA,NA,NA,NA,NA,NA,NA,NA,NA,NA,NA,NA,NA,NA,NA,NA,NA,NA,NA,NA,NA,NA,NA,NA,NA,NA,NA,NA,NA,NA
51,BEDFORD AVE,DE KALB AVE,DEKALB AVE,FRANKLIN AVE,KENT AVE,MYRTLE AVE,PARK AVE,SKILLMAN,WILLOUGHBY AVE,NA,NA,NA,NA,NA,NA,NA,NA,NA,NA,NA,NA,NA,NA,NA,NA,NA,NA,NA,NA,NA,NA,NA,NA,NA,NA,NA,NA,NA,NA,NA,NA,NA,NA,NA,NA,NA,NA,NA,NA,NA,NA,NA,NA,NA,NA,NA,NA,NA,NA,NA,NA,NA,NA,NA,NA,NA,NA,NA,NA,NA,NA,NA,NA
52,BEDFORD AVE,CLASON AVE,DE KALB AVE,DEKALB AVE,FRANKLIN AVE,GRAHAM,KENT AVE,KOSCIUSKO,KOSCIUSKO PL,LAFAYETTE AVE,SKILLMAN,UNION PL,WILLOUGHBY AVE,NA,NA,NA,NA,NA,NA,NA,NA,NA,NA,NA,NA,NA,NA,NA,NA,NA,NA,NA,NA,NA,NA,NA,NA,NA,NA,NA,NA,NA,NA,NA,NA,NA,NA,NA,NA,NA,NA,NA,NA,NA,NA,NA,NA,NA,NA,NA,NA,NA,NA,NA,NA,NA,NA,NA,NA,NA,NA,NA,NA
53,CLASON AVE,DE KALB AVE,DEKALB AVE,GRAND AVE,LAFAYETTE AVE,RYERSON,SCHENCK,STEUBEN,UNION PL,NA,NA,NA,NA,NA,NA,NA,NA,NA,NA,NA,NA,NA,NA,NA,NA,NA,NA,NA,NA,NA,NA,NA,NA,NA,NA,NA,NA,NA,NA,NA,NA,NA,NA,NA,NA,NA,NA,NA,NA,NA,NA,NA,NA,NA,NA,NA,NA,NA,NA,NA,NA,NA,NA,NA,NA,NA,NA,NA,NA,NA,NA,NA,NA
54,BEDFORD AVE,CLASON AVE,CLIFTON PL,FRANKLIN AVE,GRAND AVE,GREENE AVE,LAFAYETTE AVE,LEXINGTON AVE,SKILLMAN,UNION PL,NA,NA,NA,NA,NA,NA,NA,NA,NA,NA,NA,NA,NA,NA,NA,NA,NA,NA,NA,NA,NA,NA,NA,NA,NA,NA,NA,NA,NA,NA,NA,NA,NA,NA,NA,NA,NA,NA,NA,NA,NA,NA,NA,NA,NA,NA,NA,NA,NA,NA,NA,NA,NA,NA,NA,NA,NA,NA,NA,NA,NA,NA,NA
55,BEDFORD AVE,CLASON AVE,DOWNING,FRANKLIN AVE,GATES AVE,GRAND AVE,IRVING PL,LEXINGTON AVE,QUINCY,NA,NA,NA,NA,NA,NA,NA,NA,NA,NA,NA,NA,NA,NA,NA,NA,NA,NA,NA,NA,NA,NA,NA,NA,NA,NA,NA,NA,NA,NA,NA,NA,NA,NA,NA,NA,NA,NA,NA,NA,NA,NA,NA,NA,NA,NA,NA,NA,NA,NA,NA,NA,NA,NA,NA,NA,NA,NA,NA,NA,NA,NA,NA,NA
56,BEDFORD AVE,CLASON AVE,DOWNING,FRANKLIN AVE,GATES AVE,GRAND AVE,IRVING PL,MADISON,MONROE,ORMOND PL,PUTNAM AVE,NA,NA,NA,NA,NA,NA,NA,NA,NA,NA,NA,NA,NA,NA,NA,NA,NA,NA,NA,NA,NA,NA,NA,NA,NA,NA,NA,NA,NA,NA,NA,NA,NA,NA,NA,NA,NA,NA,NA,NA,NA,NA,NA,NA,NA,NA,NA,NA,NA,NA,NA,NA,NA,NA,NA,NA,NA,NA,NA,NA,NA,NA
57,ATLANTIC AVE,BEDFORD AVE,BEDFORD PL,BREVOORT PL,CLASON AVE,CLAVER PL,DOWNING,FRANKLIN AVE,FULTON,GRAND AVE,HANCOCK,HERKIMER,IRVING PL,JEFFERSON,JEFFERSON AVE,LEFFERTS PL,ORMOND PL,PUTNAM AVE,SPENCER PL,NA,NA,NA,NA,NA,NA,NA,NA,NA,NA,NA,NA,NA,NA,NA,NA,NA,NA,NA,NA,NA,NA,NA,NA,NA,NA,NA,NA,NA,NA,NA,NA,NA,NA,NA,NA,NA,NA,NA,NA,NA,NA,NA,NA,NA,NA,NA,NA,NA,NA,NA,NA,NA,NA
58,. JAMES PL,CAMBRIDGE PL,CLIFTON PL,GATES AVE,GRAND AVE,GREENE AVE,JAMESS PL,LAFAYETTE AVE,LEXINGTON AVE,RYERSON,WASHINGTON AVE,NA,NA,NA,NA,NA,NA,NA,NA,NA,NA,NA,NA,NA,NA,NA,NA,NA,NA,NA,NA,NA,NA,NA,NA,NA,NA,NA,NA,NA,NA,NA,NA,NA,NA,NA,NA,NA,NA,NA,NA,NA,NA,NA,NA,NA,NA,NA,NA,NA,NA,NA,NA,NA,NA,NA,NA,NA,NA,NA,NA,NA,NA
59,. JAMES PL,ATLANTIC AVE,CAMBRIDGE PL,FULTON,GATES AVE,GRAND AVE,JAMESS PL,LEFFERTS PL,PUTNAM AVE,UNDERHILL AVE,WASHINGTON AVE,NA,NA,NA,NA,NA,NA,NA,NA,NA,NA,NA,NA,NA,NA,NA,NA,NA,NA,NA,NA,NA,NA,NA,NA,NA,NA,NA,NA,NA,NA,NA,NA,NA,NA,NA,NA,NA,NA,NA,NA,NA,NA,NA,NA,NA,NA,NA,NA,NA,NA,NA,NA,NA,NA,NA,NA,NA,NA,NA,NA,NA,NA
60,17,18,3 AVE,4 AVE,5 AVE,HAMILTON AVE,PROSPECT AVE,NA,NA,NA,NA,NA,NA,NA,NA,NA,NA,NA,NA,NA,NA,NA,NA,NA,NA,NA,NA,NA,NA,NA,NA,NA,NA,NA,NA,NA,NA,NA,NA,NA,NA,NA,NA,NA,NA,NA,NA,NA,NA,NA,NA,NA,NA,NA,NA,NA,NA,NA,NA,NA,NA,NA,NA,NA,NA,NA,NA,NA,NA,NA,NA,NA,NA
61,18,19,20,3 AVE,4 AVE,5 AVE,NA,NA,NA,NA,NA,NA,NA,NA,NA,NA,NA,NA,NA,NA,NA,NA,NA,NA,NA,NA,NA,NA,NA,NA,NA,NA,NA,NA,NA,NA,NA,NA,NA,NA,NA,NA,NA,NA,NA,NA,NA,NA,NA,NA,NA,NA,NA,NA,NA,NA,NA,NA,NA,NA,NA,NA,NA,NA,NA,NA,NA,NA,NA,NA,NA,NA,NA
62,17,18,19,20,21,22,23,24,5 AVE,6 AVE,PROSPECT AVE,NA,NA,NA,NA,NA,NA,NA,NA,NA,NA,NA,NA,NA,NA,NA,NA,NA,NA,NA,NA,NA,NA,NA,NA,NA,NA,NA,NA,NA,NA,NA,NA,NA,NA,NA,NA,NA,NA,NA,NA,NA,NA,NA,NA,NA,NA,NA,NA,NA,NA,NA,NA,NA,NA,NA,NA,NA,NA,NA,NA,NA,NA
63,10 AVE,10 AVE PEDESTRIAN OPAS,10 LN,11 AVE,17,18,19,20,21,22,23,6 AVE,7 AVE,8 AVE,8 AVE PEDESTRIAN OPAS,9 AVE,CITY LINE,JACKSON PL,PROSPECT AVE,W PROSPECT,WEBSTER PL,NA,NA,NA,NA,NA,NA,NA,NA,NA,NA,NA,NA,NA,NA,NA,NA,NA,NA,NA,NA,NA,NA,NA,NA,NA,NA,NA,NA,NA,NA,NA,NA,NA,NA,NA,NA,NA,NA,NA,NA,NA,NA,NA,NA,NA,NA,NA,NA,NA,NA,NA,NA
64,20,21,22,23,4 AVE,5 AVE,NA,NA,NA,NA,NA,NA,NA,NA,NA,NA,NA,NA,NA,NA,NA,NA,NA,NA,NA,NA,NA,NA,NA,NA,NA,NA,NA,NA,NA,NA,NA,NA,NA,NA,NA,NA,NA,NA,NA,NA,NA,NA,NA,NA,NA,NA,NA,NA,NA,NA,NA,NA,NA,NA,NA,NA,NA,NA,NA,NA,NA,NA,NA,NA,NA,NA,NA
65,20,21,22,23,3 AVE,4 AVE,NA,NA,NA,NA,NA,NA,NA,NA,NA,NA,NA,NA,NA,NA,NA,NA,NA,NA,NA,NA,NA,NA,NA,NA,NA,NA,NA,NA,NA,NA,NA,NA,NA,NA,NA,NA,NA,NA,NA,NA,NA,NA,NA,NA,NA,NA,NA,NA,NA,NA,NA,NA,NA,NA,NA,NA,NA,NA,NA,NA,NA,NA,NA,NA,NA,NA,NA
66,23,24,25,26,27,28,29,3 AVE,30,31,32,33,34,35,4 AVE,5 AVE,NA,NA,NA,NA,NA,NA,NA,NA,NA,NA,NA,NA,NA,NA,NA,NA,NA,NA,NA,NA,NA,NA,NA,NA,NA,NA,NA,NA,NA,NA,NA,NA,NA,NA,NA,NA,NA,NA,NA,NA,NA,NA,NA,NA,NA,NA,NA,NA,NA,NA,NA,NA,NA,NA,NA,NA,NA
67,1 AVE,2 AVE,3 AVE,35,36,37,38,39,4 AVE,40,41,42,43,5 AVE,6 AVE,7 AVE,8 AVE,NA,NA,NA,NA,NA,NA,NA,NA,NA,NA,NA,NA,NA,NA,NA,NA,NA,NA,NA,NA,NA,NA,NA,NA,NA,NA,NA,NA,NA,NA,NA,NA,NA,NA,NA,NA,NA,NA,NA,NA,NA,NA,NA,NA,NA,NA,NA,NA,NA,NA,NA,NA,NA,NA,NA,NA
68,1 AVE,2 AVE,3 AVE,4 AVE,43,44,45,46,47,48,49,5 AVE,50,51,52,53,54,55,56,57,58,59,6 AVE,60,7 AVE,8 AVE,NA,NA,NA,NA,NA,NA,NA,NA,NA,NA,NA,NA,NA,NA,NA,NA,NA,NA,NA,NA,NA,NA,NA,NA,NA,NA,NA,NA,NA,NA,NA,NA,NA,NA,NA,NA,NA,NA,NA,NA,NA,NA,NA,NA,NA,NA,NA
69,5 AVE,6 AVE,ADELPHI,ATLANTIC AVE,CARLTON AVE,CUMBERLAND,DEAN,FLATBUSH AVE,FORT GREENE PL,PACIFIC,PORTLAND AVE S,S OXFORD,VANDERBILT AVE,NA,NA,NA,NA,NA,NA,NA,NA,NA,NA,NA,NA,NA,NA,NA,NA,NA,NA,NA,NA,NA,NA,NA,NA,NA,NA,NA,NA,NA,NA,NA,NA,NA,NA,NA,NA,NA,NA,NA,NA,NA,NA,NA,NA,NA,NA,NA,NA,NA,NA,NA,NA,NA,NA,NA,NA,NA,NA,NA,NA
70,. MARKS AVE,6 AVE,BERGEN,CARLTON AVE,DEAN,FLATBUSH AVE,PARK PL,PROSPECT PL,SAINT MARKS AVE,NA,NA,NA,NA,NA,NA,NA,NA,NA,NA,NA,NA,NA,NA,NA,NA,NA,NA,NA,NA,NA,NA,NA,NA,NA,NA,NA,NA,NA,NA,NA,NA,NA,NA,NA,NA,NA,NA,NA,NA,NA,NA,NA,NA,NA,NA,NA,NA,NA,NA,NA,NA,NA,NA,NA,NA,NA,NA,NA,NA,NA,NA,NA,NA
71,. JOHNS PL,. MARKS AVE,8 AVE,9 AVE,BERGEN,BUTLER,BUTLER PL,CARLTON AVE,DEAN,DEGRAW,DOUGLASS,E PLZ,EAST PKWY,FLATBUSH AVE,GRAND ARMY PLZ,GRAND AVE,LINCOLN PL,PARADE PL,PARK PL,PARK WAY,PRESIDENT,PROSPECT PARK,PROSPECT PL,SACKETT,SAINT JOHNS PL,SAINT MARKS AVE,STERLING PL,UNDERHILL AVE,UNION,VANDERBILT AVE,W PLZ,WASHINGTON AVE,NA,NA,NA,NA,NA,NA,NA,NA,NA,NA,NA,NA,NA,NA,NA,NA,NA,NA,NA,NA,NA,NA,NA,NA,NA,NA,NA,NA,NA,NA,NA,NA,NA,NA,NA,NA,NA,NA,NA,NA,NA
72,ATLANTIC AVE,BERGEN,DEAN,GRAND AVE,PACIFIC,UNDERHILL AVE,VANDERBILT AVE,WASHINGTON AVE,WAVERLY AVE,NA,NA,NA,NA,NA,NA,NA,NA,NA,NA,NA,NA,NA,NA,NA,NA,NA,NA,NA,NA,NA,NA,NA,NA,NA,NA,NA,NA,NA,NA,NA,NA,NA,NA,NA,NA,NA,NA,NA,NA,NA,NA,NA,NA,NA,NA,NA,NA,NA,NA,NA,NA,NA,NA,NA,NA,NA,NA,NA,NA,NA,NA,NA,NA
73,. MARKS AVE,ATLANTIC AVE,BERGEN,CLASON AVE,DEAN,GRAND AVE,PACIFIC,PROSPECT PL,SAINT MARKS AVE,NA,NA,NA,NA,NA,NA,NA,NA,NA,NA,NA,NA,NA,NA,NA,NA,NA,NA,NA,NA,NA,NA,NA,NA,NA,NA,NA,NA,NA,NA,NA,NA,NA,NA,NA,NA,NA,NA,NA,NA,NA,NA,NA,NA,NA,NA,NA,NA,NA,NA,NA,NA,NA,NA,NA,NA,NA,NA,NA,NA,NA,NA,NA,NA
74,. MARKS AVE,BERGEN,DEAN,GRAND AVE,PACIFIC,PARK PL,PROSPECT PL,SAINT MARKS AVE,WASHINGTON AVE,NA,NA,NA,NA,NA,NA,NA,NA,NA,NA,NA,NA,NA,NA,NA,NA,NA,NA,NA,NA,NA,NA,NA,NA,NA,NA,NA,NA,NA,NA,NA,NA,NA,NA,NA,NA,NA,NA,NA,NA,NA,NA,NA,NA,NA,NA,NA,NA,NA,NA,NA,NA,NA,NA,NA,NA,NA,NA,NA,NA,NA,NA,NA,NA
75,. MARKS AVE,ATLANTIC AVE,BERGEN,BUTLER,CARROLL,CITY LINE,CLASON AVE,CROWN,DEAN,DEGRAW,DOUGLASS,EAST PKWY,FRANKLIN AVE,GRAND AVE,LINCOLN PL,MONTGOMERY,PACIFIC,PARK PL,PARK WAY,PRESIDENT,PROSPECT PL,SAINT JOHNS PL,SAINT MARKS AVE,STERLING PL,UNION,UNION PL,WASHINGTON AVE,NA,NA,NA,NA,NA,NA,NA,NA,NA,NA,NA,NA,NA,NA,NA,NA,NA,NA,NA,NA,NA,NA,NA,NA,NA,NA,NA,NA,NA,NA,NA,NA,NA,NA,NA,NA,NA,NA,NA,NA,NA,NA,NA,NA,NA,NA
76,BERGEN,BOERUM PL,CONGRESS,CT,HOYT,SMITH,WARREN,WYCKOFF,NA,NA,NA,NA,NA,NA,NA,NA,NA,NA,NA,NA,NA,NA,NA,NA,NA,NA,NA,NA,NA,NA,NA,NA,NA,NA,NA,NA,NA,NA,NA,NA,NA,NA,NA,NA,NA,NA,NA,NA,NA,NA,NA,NA,NA,NA,NA,NA,NA,NA,NA,NA,NA,NA,NA,NA,NA,NA,NA,NA,NA,NA,NA,NA,NA
77,BALTIC,BERGEN,BOND,HOYT,NEVINS,WARREN,WYCKOFF,NA,NA,NA,NA,NA,NA,NA,NA,NA,NA,NA,NA,NA,NA,NA,NA,NA,NA,NA,NA,NA,NA,NA,NA,NA,NA,NA,NA,NA,NA,NA,NA,NA,NA,NA,NA,NA,NA,NA,NA,NA,NA,NA,NA,NA,NA,NA,NA,NA,NA,NA,NA,NA,NA,NA,NA,NA,NA,NA,NA,NA,NA,NA,NA,NA,NA
78,3 AVE,4 AVE,BALTIC,BERGEN,NEVINS,WARREN,WYCKOFF,NA,NA,NA,NA,NA,NA,NA,NA,NA,NA,NA,NA,NA,NA,NA,NA,NA,NA,NA,NA,NA,NA,NA,NA,NA,NA,NA,NA,NA,NA,NA,NA,NA,NA,NA,NA,NA,NA,NA,NA,NA,NA,NA,NA,NA,NA,NA,NA,NA,NA,NA,NA,NA,NA,NA,NA,NA,NA,NA,NA,NA,NA,NA,NA,NA,NA
79,1,1 LN,3 AVE,4 AVE,BALTIC,BUTLER,CARROLL,DE GRAW,DEGRAW,DENTON PL,DOUGLAS,DOUGLASS,MACOMB,NEVINS,PRESIDENT,SACKETT,UNION,WHITWELL PL,NA,NA,NA,NA,NA,NA,NA,NA,NA,NA,NA,NA,NA,NA,NA,NA,NA,NA,NA,NA,NA,NA,NA,NA,NA,NA,NA,NA,NA,NA,NA,NA,NA,NA,NA,NA,NA,NA,NA,NA,NA,NA,NA,NA,NA,NA,NA,NA,NA,NA,NA,NA,NA,NA,NA
80,BALTIC,BOND,BUTLER,CT,HARRISON,HOYT,SMITH,WARREN,NA,NA,NA,NA,NA,NA,NA,NA,NA,NA,NA,NA,NA,NA,NA,NA,NA,NA,NA,NA,NA,NA,NA,NA,NA,NA,NA,NA,NA,NA,NA,NA,NA,NA,NA,NA,NA,NA,NA,NA,NA,NA,NA,NA,NA,NA,NA,NA,NA,NA,NA,NA,NA,NA,NA,NA,NA,NA,NA,NA,NA,NA,NA,NA,NA
81,BUTLER,CT,DE GRAW,DEGRAW,DOUGLAS,DOUGLASS,HOYT,SACKETT,SMITH,NA,NA,NA,NA,NA,NA,NA,NA,NA,NA,NA,NA,NA,NA,NA,NA,NA,NA,NA,NA,NA,NA,NA,NA,NA,NA,NA,NA,NA,NA,NA,NA,NA,NA,NA,NA,NA,NA,NA,NA,NA,NA,NA,NA,NA,NA,NA,NA,NA,NA,NA,NA,NA,NA,NA,NA,NA,NA,NA,NA,NA,NA,NA,NA
82,CT,DE GRAW,DEGRAW,HOYT,PRESIDENT,SACKETT,SMITH,UNION,NA,NA,NA,NA,NA,NA,NA,NA,NA,NA,NA,NA,NA,NA,NA,NA,NA,NA,NA,NA,NA,NA,NA,NA,NA,NA,NA,NA,NA,NA,NA,NA,NA,NA,NA,NA,NA,NA,NA,NA,NA,NA,NA,NA,NA,NA,NA,NA,NA,NA,NA,NA,NA,NA,NA,NA,NA,NA,NA,NA,NA,NA,NA,NA,NA
83,1 PL,2,2 LN,CARROLL,CT,HOYT,PRESIDENT,SMITH,NA,NA,NA,NA,NA,NA,NA,NA,NA,NA,NA,NA,NA,NA,NA,NA,NA,NA,NA,NA,NA,NA,NA,NA,NA,NA,NA,NA,NA,NA,NA,NA,NA,NA,NA,NA,NA,NA,NA,NA,NA,NA,NA,NA,NA,NA,NA,NA,NA,NA,NA,NA,NA,NA,NA,NA,NA,NA,NA,NA,NA,NA,NA,NA,NA
84,1 PL,2,2 LN,2 PL,3,3 LN,3 PL,4,4 LN,4 PL,5,5 LN,BOND,CT,HOYT,SMITH,NA,NA,NA,NA,NA,NA,NA,NA,NA,NA,NA,NA,NA,NA,NA,NA,NA,NA,NA,NA,NA,NA,NA,NA,NA,NA,NA,NA,NA,NA,NA,NA,NA,NA,NA,NA,NA,NA,NA,NA,NA,NA,NA,NA,NA,NA,NA,NA,NA,NA,NA,NA,NA,NA,NA,NA,NA
85,BALTIC,BOND,BUTLER,DE GRAW,DEGRAW,DOUGLAS,DOUGLASS,HOYT,SACKETT,UNION,NA,NA,NA,NA,NA,NA,NA,NA,NA,NA,NA,NA,NA,NA,NA,NA,NA,NA,NA,NA,NA,NA,NA,NA,NA,NA,NA,NA,NA,NA,NA,NA,NA,NA,NA,NA,NA,NA,NA,NA,NA,NA,NA,NA,NA,NA,NA,NA,NA,NA,NA,NA,NA,NA,NA,NA,NA,NA,NA,NA,NA,NA,NA
86,1,1 LN,2,2 LN,3 AVE,BALTIC,BOND,BUTLER,CARROLL,DE GRAW,DEGRAW,DOUGLAS,DOUGLASS,HOYT,NEVINS,PRESIDENT,SACKETT,UNION,NA,NA,NA,NA,NA,NA,NA,NA,NA,NA,NA,NA,NA,NA,NA,NA,NA,NA,NA,NA,NA,NA,NA,NA,NA,NA,NA,NA,NA,NA,NA,NA,NA,NA,NA,NA,NA,NA,NA,NA,NA,NA,NA,NA,NA,NA,NA,NA,NA,NA,NA,NA,NA,NA,NA
87,BEDFORD,BRG,DUFFIELD,FLEET PL,GOLD,HUDSON AVE,JOHNSON,MYRTLE AVE,NAVY,PRINCE,RAYMOND,TECH PL,NA,NA,NA,NA,NA,NA,NA,NA,NA,NA,NA,NA,NA,NA,NA,NA,NA,NA,NA,NA,NA,NA,NA,NA,NA,NA,NA,NA,NA,NA,NA,NA,NA,NA,NA,NA,NA,NA,NA,NA,NA,NA,NA,NA,NA,NA,NA,NA,NA,NA,NA,NA,NA,NA,NA,NA,NA,NA,NA,NA,NA
88,ASHLAND PL,AUBURN PL,BEDFORD,BOLIVAR,CANTON,DIVISION,FLEET,FLUSHING AVE,HUDSON AVE,JOHNSON,MYRTLE AVE,NAVY,NAVY YARD,PARK AVE,RAYMOND,SAINT EDWARDS,SYCAMORE,TILLARY,NA,NA,NA,NA,NA,NA,NA,NA,NA,NA,NA,NA,NA,NA,NA,NA,NA,NA,NA,NA,NA,NA,NA,NA,NA,NA,NA,NA,NA,NA,NA,NA,NA,NA,NA,NA,NA,NA,NA,NA,NA,NA,NA,NA,NA,NA,NA,NA,NA,NA,NA,NA,NA,NA,NA
89,BOLIVAR,BRG,DUFFIELD,DUFFIELD TER,FAIR,FLEET,FLEET PL,GOLD,HUDSON AVE,MYRTLE AVE,PRINCE,WILLOUGHBY,NA,NA,NA,NA,NA,NA,NA,NA,NA,NA,NA,NA,NA,NA,NA,NA,NA,NA,NA,NA,NA,NA,NA,NA,NA,NA,NA,NA,NA,NA,NA,NA,NA,NA,NA,NA,NA,NA,NA,NA,NA,NA,NA,NA,NA,NA,NA,NA,NA,NA,NA,NA,NA,NA,NA,NA,NA,NA,NA,NA,NA
90,ALBEE SQ,BRG,DEBEVOISE PL,DEKALB AVE,DUFFIELD,ELM PL,FLEET,FLEET PL,FULTON,FULTON PL,GOLD,HOYT,HUDSON AVE,LAFAYETTE,PRINCE,UNIVERSITY PLZ,WILLOUGHBY,NA,NA,NA,NA,NA,NA,NA,NA,NA,NA,NA,NA,NA,NA,NA,NA,NA,NA,NA,NA,NA,NA,NA,NA,NA,NA,NA,NA,NA,NA,NA,NA,NA,NA,NA,NA,NA,NA,NA,NA,NA,NA,NA,NA,NA,NA,NA,NA,NA,NA,NA,NA,NA,NA,NA,NA
91,. FELIX,ALBEE SQ,ASHLAND PL,BOLIVAR,BOND,CANTON,DE KALB AVE,DEBEVOISE PL,DEKALB AVE,FLATBUSH AVE,FLEET,FORT GREENE PL,FULTON,FULTON PL,GOLD,HANOVER PL,HUDSON AVE,LAFAYETTE,NAVY,RAYMOND,ROCKWELL PL,SAINT EDWARDS,WILLOUGHBY,NA,NA,NA,NA,NA,NA,NA,NA,NA,NA,NA,NA,NA,NA,NA,NA,NA,NA,NA,NA,NA,NA,NA,NA,NA,NA,NA,NA,NA,NA,NA,NA,NA,NA,NA,NA,NA,NA,NA,NA,NA,NA,NA,NA,NA,NA,NA,NA,NA,NA
92,. FELIX,ASHLAND PL,DE KALB AVE,DEKALB AVE,FORT GREENE PL,FT GREEN PL,FULTON,NAVY,RAYMOND,ROCKWELL PL,SAINT FELIX,NA,NA,NA,NA,NA,NA,NA,NA,NA,NA,NA,NA,NA,NA,NA,NA,NA,NA,NA,NA,NA,NA,NA,NA,NA,NA,NA,NA,NA,NA,NA,NA,NA,NA,NA,NA,NA,NA,NA,NA,NA,NA,NA,NA,NA,NA,NA,NA,NA,NA,NA,NA,NA,NA,NA,NA,NA,NA,NA,NA,NA,NA
93,. FELIX,3 AVE,ASHLAND PL,CURRAN SQ,FLATBUSH AVE,FORT GREENE PL,FT GREEN PL,FULTON,HANSON PL,HUDSON AVE,LAFAYETTE AVE,LIVINGSTON,NAVY,NEVINS,RAYMOND,ROCKWELL PL,SAINT FELIX,SCHERMERHORN,STATE,NA,NA,NA,NA,NA,NA,NA,NA,NA,NA,NA,NA,NA,NA,NA,NA,NA,NA,NA,NA,NA,NA,NA,NA,NA,NA,NA,NA,NA,NA,NA,NA,NA,NA,NA,NA,NA,NA,NA,NA,NA,NA,NA,NA,NA,NA,NA,NA,NA,NA,NA,NA,NA,NA
94,. FELIX,5 AVE,ASHLAND PL,ATLANTIC AVE,CURRAN SQ,DE KALB AVE,DEKALB AVE,ELLIOTT S PL,FLATBUSH AVE,FORT GREENE PL,FT GREEN PL,FULTON,HANSON PL,LAFAYETTE AVE,PORTLAND AVE S,S ELLIOTT PL,S PORTLAND AVE,WILLOUGHBY,NA,NA,NA,NA,NA,NA,NA,NA,NA,NA,NA,NA,NA,NA,NA,NA,NA,NA,NA,NA,NA,NA,NA,NA,NA,NA,NA,NA,NA,NA,NA,NA,NA,NA,NA,NA,NA,NA,NA,NA,NA,NA,NA,NA,NA,NA,NA,NA,NA,NA,NA,NA,NA,NA,NA
95,AUBURN PL,CANTON,DIVISION,ELLIOTT N PL,FLUSHING AVE,MYRTLE AVE,N ELLIOT PL,N PORTLAND AVE,NAVY YARD,PARK AVE,PORTLAND AVE N,SAINT EDWARDS,TILLARY,NA,NA,NA,NA,NA,NA,NA,NA,NA,NA,NA,NA,NA,NA,NA,NA,NA,NA,NA,NA,NA,NA,NA,NA,NA,NA,NA,NA,NA,NA,NA,NA,NA,NA,NA,NA,NA,NA,NA,NA,NA,NA,NA,NA,NA,NA,NA,NA,NA,NA,NA,NA,NA,NA,NA,NA,NA,NA,NA,NA
96,BAY,BEARD,BOMPJES HOOK WHARF,BRYANT,BUSH,CLINTON,COFFEY,COLUMBIA,CONOVER,CT,CUBA,DIKEMAN,DWIGHT,ELIZABETH,FERRIS,GRINNELL,HALLECK,HICKS,LORRAINE,OREGON,OTSEGO,PARTITION,PERCIVAL,REED,REID,RICHARD,RICHARDS,SIGOURNEY,SULLIVAN,VAN BRUNT,VANDYKE,WHARF,WOLCOTT,NA,NA,NA,NA,NA,NA,NA,NA,NA,NA,NA,NA,NA,NA,NA,NA,NA,NA,NA,NA,NA,NA,NA,NA,NA,NA,NA,NA,NA,NA,NA,NA,NA,NA,NA,NA,NA,NA,NA,NA
97,COFFEY,CONOVER,DIKEMAN,ELIZABETH,FERRIS,PARTITION,RICHARD,RICHARDS,VAN BRUNT,VANDYKE,WOLCOTT,NA,NA,NA,NA,NA,NA,NA,NA,NA,NA,NA,NA,NA,NA,NA,NA,NA,NA,NA,NA,NA,NA,NA,NA,NA,NA,NA,NA,NA,NA,NA,NA,NA,NA,NA,NA,NA,NA,NA,NA,NA,NA,NA,NA,NA,NA,NA,NA,NA,NA,NA,NA,NA,NA,NA,NA,NA,NA,NA,NA,NA,NA
98,CLINTON WHARF,CONOVER,FERRIS,IMLAY,KING,PIONEER,RICHARD,RICHARDS,SULLIVAN,TREMONT,VAN BRUNT,VERONA,VISITATION PL,WILLIAM,WOLCOTT,NA,NA,NA,NA,NA,NA,NA,NA,NA,NA,NA,NA,NA,NA,NA,NA,NA,NA,NA,NA,NA,NA,NA,NA,NA,NA,NA,NA,NA,NA,NA,NA,NA,NA,NA,NA,NA,NA,NA,NA,NA,NA,NA,NA,NA,NA,NA,NA,NA,NA,NA,NA,NA,NA,NA,NA,NA,NA
99,BOWNE,CARROLL,CLINTON WHARF,COLES,COLUMBIA,COMMERCE,COMMERCIAL WHARF,CONOVER,DELEVAN,DWIGHT,FERRIS,HAMILTON AVE,HICKS,IMLAY,INDIA WHARF,PIONEER,PRESIDENT,RAPELYE,RICHARD,RICHARDS,SACKETT,SEABRING,SUMMIT,TREMONT,VAN BRUNT,VERONA,WILLIAM,WOODHULL,NA,NA,NA,NA,NA,NA,NA,NA,NA,NA,NA,NA,NA,NA,NA,NA,NA,NA,NA,NA,NA,NA,NA,NA,NA,NA,NA,NA,NA,NA,NA,NA,NA,NA,NA,NA,NA,NA,NA,NA,NA,NA,NA,NA,NA
100,BUSH,CENTRE,CENTRE MALL,CHURCH,COLES,COLUMBIA,COMMERCE,DELEVAN,DWIGHT,GARNET,HAMILTON AVE,HENRY,HICKS,HUNTINGTON,KING,LUQUER,MILL,NELSON,OTSEGO,PIONEER,RICHARD,RICHARDS,SEABRING,SULLIVAN,TREMONT,VERONA,W 9,WILLIAM,NA,NA,NA,NA,NA,NA,NA,NA,NA,NA,NA,NA,NA,NA,NA,NA,NA,NA,NA,NA,NA,NA,NA,NA,NA,NA,NA,NA,NA,NA,NA,NA,NA,NA,NA,NA,NA,NA,NA,NA,NA,NA,NA,NA,NA
101,BAY,BOMPJES HOOK WHARF,BRYANT,BUSH,CENTRE,CHURCH,CLINTON,COLUMBIA,CREAMER,CT,CUBA,DWIGHT,GARNET,GRINNELL,HALLECK,HALLECK AVE,HAMILTON AVE,HENRY,HICKS,HUNTINGTON,LORRAINE,MILL,NELSON,OREGON,OTSEGO,PERCIVAL,SIGOURNEY,SMITH,SULLIVAN,W 9,WHARF,NA,NA,NA,NA,NA,NA,NA,NA,NA,NA,NA,NA,NA,NA,NA,NA,NA,NA,NA,NA,NA,NA,NA,NA,NA,NA,NA,NA,NA,NA,NA,NA,NA,NA,NA,NA,NA,NA,NA,NA,NA,NA
102,CHURCH,CLINTON,CT,HAMILTON AVE,HUNTINGTON,NELSON,W 9,NA,NA,NA,NA,NA,NA,NA,NA,NA,NA,NA,NA,NA,NA,NA,NA,NA,NA,NA,NA,NA,NA,NA,NA,NA,NA,NA,NA,NA,NA,NA,NA,NA,NA,NA,NA,NA,NA,NA,NA,NA,NA,NA,NA,NA,NA,NA,NA,NA,NA,NA,NA,NA,NA,NA,NA,NA,NA,NA,NA,NA,NA,NA,NA,NA,NA
103,9,CHURCH,CT,GARNET,HAMILTON AVE,HUNTINGTON,MILL,SMITH,W 9,NA,NA,NA,NA,NA,NA,NA,NA,NA,NA,NA,NA,NA,NA,NA,NA,NA,NA,NA,NA,NA,NA,NA,NA,NA,NA,NA,NA,NA,NA,NA,NA,NA,NA,NA,NA,NA,NA,NA,NA,NA,NA,NA,NA,NA,NA,NA,NA,NA,NA,NA,NA,NA,NA,NA,NA,NA,NA,NA,NA,NA,NA,NA,NA
104,4 PL,5,5 LN,7 LN,CLINTON,COLES,CT,DENNET PL,DENNETT PL,HAMILTON AVE,HENRY,HICKS,HOYT,HUNTINGTON,LUQUER,MANHASSET PL,NELSON,SMITH,NA,NA,NA,NA,NA,NA,NA,NA,NA,NA,NA,NA,NA,NA,NA,NA,NA,NA,NA,NA,NA,NA,NA,NA,NA,NA,NA,NA,NA,NA,NA,NA,NA,NA,NA,NA,NA,NA,NA,NA,NA,NA,NA,NA,NA,NA,NA,NA,NA,NA,NA,NA,NA,NA,NA
105,1,2,3,BERRY,GRAND,KENT AVE,RIVER,S 1,S 2,WYTHE AVE,NA,NA,NA,NA,NA,NA,NA,NA,NA,NA,NA,NA,NA,NA,NA,NA,NA,NA,NA,NA,NA,NA,NA,NA,NA,NA,NA,NA,NA,NA,NA,NA,NA,NA,NA,NA,NA,NA,NA,NA,NA,NA,NA,NA,NA,NA,NA,NA,NA,NA,NA,NA,NA,NA,NA,NA,NA,NA,NA,NA,NA,NA,NA
106,1,2,3,BERRY,KENT AVE,S 2,S 3,S 4,WYTHE AVE,NA,NA,NA,NA,NA,NA,NA,NA,NA,NA,NA,NA,NA,NA,NA,NA,NA,NA,NA,NA,NA,NA,NA,NA,NA,NA,NA,NA,NA,NA,NA,NA,NA,NA,NA,NA,NA,NA,NA,NA,NA,NA,NA,NA,NA,NA,NA,NA,NA,NA,NA,NA,NA,NA,NA,NA,NA,NA,NA,NA,NA,NA,NA,NA
107,3,4,5,BEDFORD AVE,BERRY,DRIGGS AVE,S 1,S 2,S 3,S 4,NA,NA,NA,NA,NA,NA,NA,NA,NA,NA,NA,NA,NA,NA,NA,NA,NA,NA,NA,NA,NA,NA,NA,NA,NA,NA,NA,NA,NA,NA,NA,NA,NA,NA,NA,NA,NA,NA,NA,NA,NA,NA,NA,NA,NA,NA,NA,NA,NA,NA,NA,NA,NA,NA,NA,NA,NA,NA,NA,NA,NA,NA,NA
108,3,4,5,6,BEDFORD AVE,BERRY,DRIGGS AVE,GRAND,ROEBLING,S 1,S 2,NA,NA,NA,NA,NA,NA,NA,NA,NA,NA,NA,NA,NA,NA,NA,NA,NA,NA,NA,NA,NA,NA,NA,NA,NA,NA,NA,NA,NA,NA,NA,NA,NA,NA,NA,NA,NA,NA,NA,NA,NA,NA,NA,NA,NA,NA,NA,NA,NA,NA,NA,NA,NA,NA,NA,NA,NA,NA,NA,NA,NA,NA
109,5,6,7,DRIGGS AVE,GRAND,HAVEMEYER,ROEBLING,S 1,S 2,S 3,S 4,S 5,NA,NA,NA,NA,NA,NA,NA,NA,NA,NA,NA,NA,NA,NA,NA,NA,NA,NA,NA,NA,NA,NA,NA,NA,NA,NA,NA,NA,NA,NA,NA,NA,NA,NA,NA,NA,NA,NA,NA,NA,NA,NA,NA,NA,NA,NA,NA,NA,NA,NA,NA,NA,NA,NA,NA,NA,NA,NA,NA,NA,NA
110,7,8,9,GRAND,HAVEMEYER,MARCY AVE,RODNEY,S 1,S 2,S 3,NA,NA,NA,NA,NA,NA,NA,NA,NA,NA,NA,NA,NA,NA,NA,NA,NA,NA,NA,NA,NA,NA,NA,NA,NA,NA,NA,NA,NA,NA,NA,NA,NA,NA,NA,NA,NA,NA,NA,NA,NA,NA,NA,NA,NA,NA,NA,NA,NA,NA,NA,NA,NA,NA,NA,NA,NA,NA,NA,NA,NA,NA,NA
111,7,8,9,BROADWAY,HAVEMEYER,MARCY AVE,RODNEY,S 3,S 4,S 5,S 9,NA,NA,NA,NA,NA,NA,NA,NA,NA,NA,NA,NA,NA,NA,NA,NA,NA,NA,NA,NA,NA,NA,NA,NA,NA,NA,NA,NA,NA,NA,NA,NA,NA,NA,NA,NA,NA,NA,NA,NA,NA,NA,NA,NA,NA,NA,NA,NA,NA,NA,NA,NA,NA,NA,NA,NA,NA,NA,NA,NA,NA,NA
112,4,5,6,7,8,BEDFORD AVE,BROADWAY,DRIGGS AVE,HAVEMEYER,MARCY AVE,ROEBLING,S 4,S 5,S 6,S 8,S 9,NA,NA,NA,NA,NA,NA,NA,NA,NA,NA,NA,NA,NA,NA,NA,NA,NA,NA,NA,NA,NA,NA,NA,NA,NA,NA,NA,NA,NA,NA,NA,NA,NA,NA,NA,NA,NA,NA,NA,NA,NA,NA,NA,NA,NA,NA,NA,NA,NA,NA,NA,NA,NA,NA,NA,NA,NA
113,1,2,3,4,BEDFORD AVE,BERRY,BROADWAY,DUNHAM PL,KENT AVE,S 4,S 5,S 6,S 8,WYTHE AVE,NA,NA,NA,NA,NA,NA,NA,NA,NA,NA,NA,NA,NA,NA,NA,NA,NA,NA,NA,NA,NA,NA,NA,NA,NA,NA,NA,NA,NA,NA,NA,NA,NA,NA,NA,NA,NA,NA,NA,NA,NA,NA,NA,NA,NA,NA,NA,NA,NA,NA,NA,NA,NA,NA,NA,NA,NA,NA,NA
114,1,2,3,4,5,BEDFORD AVE,BERRY,BROADWAY,DIVISION AVE,DRIGGS AVE,KENT AVE,S 10,S 11,S 8,S 9,WYTHE AVE,NA,NA,NA,NA,NA,NA,NA,NA,NA,NA,NA,NA,NA,NA,NA,NA,NA,NA,NA,NA,NA,NA,NA,NA,NA,NA,NA,NA,NA,NA,NA,NA,NA,NA,NA,NA,NA,NA,NA,NA,NA,NA,NA,NA,NA,NA,NA,NA,NA,NA,NA,NA,NA,NA,NA,NA,NA
115,1,2,3,4,BANKER,BEDFORD AVE,BERRY,FRANKLIN,KENT AVE,N 10,N 11,N 12,N 13,N 14,N 7,N 8,N 9,NASSAU AVE,WYTHE AVE,NA,NA,NA,NA,NA,NA,NA,NA,NA,NA,NA,NA,NA,NA,NA,NA,NA,NA,NA,NA,NA,NA,NA,NA,NA,NA,NA,NA,NA,NA,NA,NA,NA,NA,NA,NA,NA,NA,NA,NA,NA,NA,NA,NA,NA,NA,NA,NA,NA,NA,NA,NA,NA,NA
116,2,3,BERRY,N 6,N 7,N 8,WYTHE AVE,NA,NA,NA,NA,NA,NA,NA,NA,NA,NA,NA,NA,NA,NA,NA,NA,NA,NA,NA,NA,NA,NA,NA,NA,NA,NA,NA,NA,NA,NA,NA,NA,NA,NA,NA,NA,NA,NA,NA,NA,NA,NA,NA,NA,NA,NA,NA,NA,NA,NA,NA,NA,NA,NA,NA,NA,NA,NA,NA,NA,NA,NA,NA,NA,NA,NA
117,1,2,KENT AVE,N 6,N 7,N 8,WYTHE AVE,NA,NA,NA,NA,NA,NA,NA,NA,NA,NA,NA,NA,NA,NA,NA,NA,NA,NA,NA,NA,NA,NA,NA,NA,NA,NA,NA,NA,NA,NA,NA,NA,NA,NA,NA,NA,NA,NA,NA,NA,NA,NA,NA,NA,NA,NA,NA,NA,NA,NA,NA,NA,NA,NA,NA,NA,NA,NA,NA,NA,NA,NA,NA,NA,NA,NA
118,1,2,3,4,BEDFORD AVE,BERRY,GRAND,KENT AVE,METROPOLITAN AVE,N 1,N 2,RIVER,WYTHE AVE,NA,NA,NA,NA,NA,NA,NA,NA,NA,NA,NA,NA,NA,NA,NA,NA,NA,NA,NA,NA,NA,NA,NA,NA,NA,NA,NA,NA,NA,NA,NA,NA,NA,NA,NA,NA,NA,NA,NA,NA,NA,NA,NA,NA,NA,NA,NA,NA,NA,NA,NA,NA,NA,NA,NA,NA,NA,NA,NA,NA
119,4,5,6,7,BEDFORD AVE,DRIGGS AVE,FILLMORE PL,GRAND,HAVEMEYER,HOPE,METROPOLITAN AVE,N 1,N 2,N 3,N 4,N 5,N 6,ROEBLING,NA,NA,NA,NA,NA,NA,NA,NA,NA,NA,NA,NA,NA,NA,NA,NA,NA,NA,NA,NA,NA,NA,NA,NA,NA,NA,NA,NA,NA,NA,NA,NA,NA,NA,NA,NA,NA,NA,NA,NA,NA,NA,NA,NA,NA,NA,NA,NA,NA,NA,NA,NA,NA,NA,NA
120,1,2,3,BERRY,KENT AVE,N 4,N 4 PL,N 5,N 6,WYTHE AVE,NA,NA,NA,NA,NA,NA,NA,NA,NA,NA,NA,NA,NA,NA,NA,NA,NA,NA,NA,NA,NA,NA,NA,NA,NA,NA,NA,NA,NA,NA,NA,NA,NA,NA,NA,NA,NA,NA,NA,NA,NA,NA,NA,NA,NA,NA,NA,NA,NA,NA,NA,NA,NA,NA,NA,NA,NA,NA,NA,NA,NA,NA,NA
121,1,2,3,4,BEDFORD AVE,BERRY,KENT AVE,METROPOLITAN AVE,N 2,N 3,N 4,N 4 PL,RIVER,WYTHE AVE,NA,NA,NA,NA,NA,NA,NA,NA,NA,NA,NA,NA,NA,NA,NA,NA,NA,NA,NA,NA,NA,NA,NA,NA,NA,NA,NA,NA,NA,NA,NA,NA,NA,NA,NA,NA,NA,NA,NA,NA,NA,NA,NA,NA,NA,NA,NA,NA,NA,NA,NA,NA,NA,NA,NA,NA,NA,NA,NA
122,3,4,BEDFORD AVE,BERRY,N 4,N 5,N 6,N 7,N 8,N 9,NA,NA,NA,NA,NA,NA,NA,NA,NA,NA,NA,NA,NA,NA,NA,NA,NA,NA,NA,NA,NA,NA,NA,NA,NA,NA,NA,NA,NA,NA,NA,NA,NA,NA,NA,NA,NA,NA,NA,NA,NA,NA,NA,NA,NA,NA,NA,NA,NA,NA,NA,NA,NA,NA,NA,NA,NA,NA,NA,NA,NA,NA,NA
123,6,7,HAVEMEYER,METROPOLITAN AVE,N 2,N 4,N 5,N 6,N 7,ROEBLING,NA,NA,NA,NA,NA,NA,NA,NA,NA,NA,NA,NA,NA,NA,NA,NA,NA,NA,NA,NA,NA,NA,NA,NA,NA,NA,NA,NA,NA,NA,NA,NA,NA,NA,NA,NA,NA,NA,NA,NA,NA,NA,NA,NA,NA,NA,NA,NA,NA,NA,NA,NA,NA,NA,NA,NA,NA,NA,NA,NA,NA,NA,NA
124,5,6,DRIGGS AVE,METROPOLITAN AVE,N 2,N 4,N 5,N 6,N 7,ROEBLING,NA,NA,NA,NA,NA,NA,NA,NA,NA,NA,NA,NA,NA,NA,NA,NA,NA,NA,NA,NA,NA,NA,NA,NA,NA,NA,NA,NA,NA,NA,NA,NA,NA,NA,NA,NA,NA,NA,NA,NA,NA,NA,NA,NA,NA,NA,NA,NA,NA,NA,NA,NA,NA,NA,NA,NA,NA,NA,NA,NA,NA,NA,NA
125,6,7,8,9,AINSLIE,GRAND,HAVEMEYER,HOPE,MARCY AVE,METROPOLITAN AVE,N 2,N 4,N 5,N 6,N 7,RODNEY,ROEBLING,UNION AVE,NA,NA,NA,NA,NA,NA,NA,NA,NA,NA,NA,NA,NA,NA,NA,NA,NA,NA,NA,NA,NA,NA,NA,NA,NA,NA,NA,NA,NA,NA,NA,NA,NA,NA,NA,NA,NA,NA,NA,NA,NA,NA,NA,NA,NA,NA,NA,NA,NA,NA,NA,NA,NA,NA,NA
126,5,6,7,DRIGGS AVE,FROST,HAVEMEYER,JACKSON,N 10,N 11,N 12,N 2,N 7,N 8,N 9,ROEBLING,SKILLMAN AVE,UNION AVE,VAN COTT AVE,WITHERS,NA,NA,NA,NA,NA,NA,NA,NA,NA,NA,NA,NA,NA,NA,NA,NA,NA,NA,NA,NA,NA,NA,NA,NA,NA,NA,NA,NA,NA,NA,NA,NA,NA,NA,NA,NA,NA,NA,NA,NA,NA,NA,NA,NA,NA,NA,NA,NA,NA,NA,NA,NA,NA,NA
127,4,5,BANKER,BEDFORD AVE,DRIGGS AVE,JANE,N 10,N 11,N 12,N 13,N 14,N 6,N 7,N 8,N 9,UNION AVE,NA,NA,NA,NA,NA,NA,NA,NA,NA,NA,NA,NA,NA,NA,NA,NA,NA,NA,NA,NA,NA,NA,NA,NA,NA,NA,NA,NA,NA,NA,NA,NA,NA,NA,NA,NA,NA,NA,NA,NA,NA,NA,NA,NA,NA,NA,NA,NA,NA,NA,NA,NA,NA,NA,NA,NA,NA
128,10,11,12,9,AINSLIE,DEVOE,GRAND,HOOPER,HOPE,KEAP,LORIMER,MAUJER,METROPOLITAN AVE,N 2,N 7,RODNEY,S 1,S 2,TEN EYCK,UNION AVE,NA,NA,NA,NA,NA,NA,NA,NA,NA,NA,NA,NA,NA,NA,NA,NA,NA,NA,NA,NA,NA,NA,NA,NA,NA,NA,NA,NA,NA,NA,NA,NA,NA,NA,NA,NA,NA,NA,NA,NA,NA,NA,NA,NA,NA,NA,NA,NA,NA,NA,NA,NA,NA
129,AINSLIE,DEVOE,GRAND,HOPE,LEONARD,LORIMER,MAUJER,POWERS,TEN EYCK,TENEYCK,UNION AVE,NA,NA,NA,NA,NA,NA,NA,NA,NA,NA,NA,NA,NA,NA,NA,NA,NA,NA,NA,NA,NA,NA,NA,NA,NA,NA,NA,NA,NA,NA,NA,NA,NA,NA,NA,NA,NA,NA,NA,NA,NA,NA,NA,NA,NA,NA,NA,NA,NA,NA,NA,NA,NA,NA,NA,NA,NA,NA,NA,NA,NA,NA
130,AINSLIE,EWEN,GRAHAM AVE,GRAND,LEONARD,LORIMER,MANHATTAN AVE,MAUJER,POWERS,TEN EYCK,TEN EYCK WALK,NA,NA,NA,NA,NA,NA,NA,NA,NA,NA,NA,NA,NA,NA,NA,NA,NA,NA,NA,NA,NA,NA,NA,NA,NA,NA,NA,NA,NA,NA,NA,NA,NA,NA,NA,NA,NA,NA,NA,NA,NA,NA,NA,NA,NA,NA,NA,NA,NA,NA,NA,NA,NA,NA,NA,NA,NA,NA,NA,NA,NA,NA
131,AINSLIE,BUSHWICK AVE,DEVOE,GRAHAM AVE,GRAND,HUMBOLDT,MAUJER,MORRELL,POWERS,TEN EYCK,TEN EYCK WALK,NA,NA,NA,NA,NA,NA,NA,NA,NA,NA,NA,NA,NA,NA,NA,NA,NA,NA,NA,NA,NA,NA,NA,NA,NA,NA,NA,NA,NA,NA,NA,NA,NA,NA,NA,NA,NA,NA,NA,NA,NA,NA,NA,NA,NA,NA,NA,NA,NA,NA,NA,NA,NA,NA,NA,NA,NA,NA,NA,NA,NA,NA
132,AINSLIE,BUSHWICK AVE,CONSELYEA,DEVOE,EWEN,GRAHAM AVE,HUMBOLDT,LEONARD,LORIMER,MANHATTAN AVE,MASPETH AVE,METROPOLITAN AVE,N 2,NA,NA,NA,NA,NA,NA,NA,NA,NA,NA,NA,NA,NA,NA,NA,NA,NA,NA,NA,NA,NA,NA,NA,NA,NA,NA,NA,NA,NA,NA,NA,NA,NA,NA,NA,NA,NA,NA,NA,NA,NA,NA,NA,NA,NA,NA,NA,NA,NA,NA,NA,NA,NA,NA,NA,NA,NA,NA,NA,NA
133,EWEN,FROST,GRAHAM AVE,HEBERT,HERBERT,HUMBOLDT,JACKSON,LEONARD,MANHATTAN AVE,MEEKER AVE,RICHARDSON,WITHERS,NA,NA,NA,NA,NA,NA,NA,NA,NA,NA,NA,NA,NA,NA,NA,NA,NA,NA,NA,NA,NA,NA,NA,NA,NA,NA,NA,NA,NA,NA,NA,NA,NA,NA,NA,NA,NA,NA,NA,NA,NA,NA,NA,NA,NA,NA,NA,NA,NA,NA,NA,NA,NA,NA,NA,NA,NA,NA,NA,NA,NA
134,BUSHWICK AVE,CONSELYEA,EWEN,GRAHAM AVE,HUMBOLDT,JACKSON,LEONARD,MANHATTAN AVE,SKILLMAN AVE,NA,NA,NA,NA,NA,NA,NA,NA,NA,NA,NA,NA,NA,NA,NA,NA,NA,NA,NA,NA,NA,NA,NA,NA,NA,NA,NA,NA,NA,NA,NA,NA,NA,NA,NA,NA,NA,NA,NA,NA,NA,NA,NA,NA,NA,NA,NA,NA,NA,NA,NA,NA,NA,NA,NA,NA,NA,NA,NA,NA,NA,NA,NA,NA
135,5,6,BAYARD,DRIGGS AVE,FROST,GUERNSEY,JACKSON,JANE,LEONARD,LORIMER,MANHATTAN AVE,N 10,N 11,N 12,N 14,N 15,NEWTON,RICHARDSON,UNION AVE,VAN COTT AVE,VAN PELT AVE,WITHERS,NA,NA,NA,NA,NA,NA,NA,NA,NA,NA,NA,NA,NA,NA,NA,NA,NA,NA,NA,NA,NA,NA,NA,NA,NA,NA,NA,NA,NA,NA,NA,NA,NA,NA,NA,NA,NA,NA,NA,NA,NA,NA,NA,NA,NA,NA,NA,NA,NA,NA,NA
136,CONSELYEA,JACKSON,LEONARD,LORIMER,METROPOLITAN AVE,N 2,N 7,SKILLMAN AVE,UNION AVE,NA,NA,NA,NA,NA,NA,NA,NA,NA,NA,NA,NA,NA,NA,NA,NA,NA,NA,NA,NA,NA,NA,NA,NA,NA,NA,NA,NA,NA,NA,NA,NA,NA,NA,NA,NA,NA,NA,NA,NA,NA,NA,NA,NA,NA,NA,NA,NA,NA,NA,NA,NA,NA,NA,NA,NA,NA,NA,NA,NA,NA,NA,NA,NA
137,10,11,9,BROADWAY,HOOPER,KEAP,RODNEY,S 3,S 4,S 5,S 9,NA,NA,NA,NA,NA,NA,NA,NA,NA,NA,NA,NA,NA,NA,NA,NA,NA,NA,NA,NA,NA,NA,NA,NA,NA,NA,NA,NA,NA,NA,NA,NA,NA,NA,NA,NA,NA,NA,NA,NA,NA,NA,NA,NA,NA,NA,NA,NA,NA,NA,NA,NA,NA,NA,NA,NA,NA,NA,NA,NA,NA,NA
138,10,11,12,9,HEWES,HOOPER,KEAP,S 2,S 3,S 4,SCHOLES,STAGG,UNION AVE,NA,NA,NA,NA,NA,NA,NA,NA,NA,NA,NA,NA,NA,NA,NA,NA,NA,NA,NA,NA,NA,NA,NA,NA,NA,NA,NA,NA,NA,NA,NA,NA,NA,NA,NA,NA,NA,NA,NA,NA,NA,NA,NA,NA,NA,NA,NA,NA,NA,NA,NA,NA,NA,NA,NA,NA,NA,NA,NA,NA
139,12,BOERUM,BROADWAY,HEWES,HEYWARD,JOHNSON AVE,LORIMER,MCKIBBIN,MIDDLETON,MONTROSE AVE,PENN,RUTLEDGE,S 5,SEIGEL,THROOP AVE,UNION AVE,NA,NA,NA,NA,NA,NA,NA,NA,NA,NA,NA,NA,NA,NA,NA,NA,NA,NA,NA,NA,NA,NA,NA,NA,NA,NA,NA,NA,NA,NA,NA,NA,NA,NA,NA,NA,NA,NA,NA,NA,NA,NA,NA,NA,NA,NA,NA,NA,NA,NA,NA,NA,NA,NA,NA,NA,NA
140,11,12,BROADWAY,DIVISION AVE,HEWES,HOOPER,LORIMER,MESEROLE,MONTROSE AVE,S 3,S 4,S 5,SCHOLES,UNION AVE,NA,NA,NA,NA,NA,NA,NA,NA,NA,NA,NA,NA,NA,NA,NA,NA,NA,NA,NA,NA,NA,NA,NA,NA,NA,NA,NA,NA,NA,NA,NA,NA,NA,NA,NA,NA,NA,NA,NA,NA,NA,NA,NA,NA,NA,NA,NA,NA,NA,NA,NA,NA,NA,NA,NA,NA,NA,NA,NA
141,12,LEONARD,LORIMER,S 2,S 3,SCHOLES,STAGG,TEN EYCK,TENEYCK,UNION AVE,NA,NA,NA,NA,NA,NA,NA,NA,NA,NA,NA,NA,NA,NA,NA,NA,NA,NA,NA,NA,NA,NA,NA,NA,NA,NA,NA,NA,NA,NA,NA,NA,NA,NA,NA,NA,NA,NA,NA,NA,NA,NA,NA,NA,NA,NA,NA,NA,NA,NA,NA,NA,NA,NA,NA,NA,NA,NA,NA,NA,NA,NA,NA
142,BOERUM,JOHNSON AVE,LEONARD,LORIMER,MESEROLE,MONTROSE AVE,SCHOLES,NA,NA,NA,NA,NA,NA,NA,NA,NA,NA,NA,NA,NA,NA,NA,NA,NA,NA,NA,NA,NA,NA,NA,NA,NA,NA,NA,NA,NA,NA,NA,NA,NA,NA,NA,NA,NA,NA,NA,NA,NA,NA,NA,NA,NA,NA,NA,NA,NA,NA,NA,NA,NA,NA,NA,NA,NA,NA,NA,NA,NA,NA,NA,NA,NA,NA
143,EWEN,GRAHAM AVE,LEONARD,MANHATTAN AVE,SCHOLES,STAGG,STAGG WALK,TEN EYCK,TEN EYCK WALK,NA,NA,NA,NA,NA,NA,NA,NA,NA,NA,NA,NA,NA,NA,NA,NA,NA,NA,NA,NA,NA,NA,NA,NA,NA,NA,NA,NA,NA,NA,NA,NA,NA,NA,NA,NA,NA,NA,NA,NA,NA,NA,NA,NA,NA,NA,NA,NA,NA,NA,NA,NA,NA,NA,NA,NA,NA,NA,NA,NA,NA,NA,NA,NA
144,EWEN,GRAHAM AVE,LEONARD,MANHATTAN AVE,MESEROLE,MONTROSE AVE,SCHOLES,NA,NA,NA,NA,NA,NA,NA,NA,NA,NA,NA,NA,NA,NA,NA,NA,NA,NA,NA,NA,NA,NA,NA,NA,NA,NA,NA,NA,NA,NA,NA,NA,NA,NA,NA,NA,NA,NA,NA,NA,NA,NA,NA,NA,NA,NA,NA,NA,NA,NA,NA,NA,NA,NA,NA,NA,NA,NA,NA,NA,NA,NA,NA,NA,NA,NA
145,BUSHWICK AVE,GRAHAM AVE,HUMBOLDT,MESEROLE,MONTROSE AVE,MORRELL,SCHOLES,STAGG,STAGG WALK,TEN EYCK,TEN EYCK WALK,NA,NA,NA,NA,NA,NA,NA,NA,NA,NA,NA,NA,NA,NA,NA,NA,NA,NA,NA,NA,NA,NA,NA,NA,NA,NA,NA,NA,NA,NA,NA,NA,NA,NA,NA,NA,NA,NA,NA,NA,NA,NA,NA,NA,NA,NA,NA,NA,NA,NA,NA,NA,NA,NA,NA,NA,NA,NA,NA,NA,NA,NA
146,BUSHWICK AVE,BUSHWICK PL,HUMBOLDT,MAUJER,MESEROLE,MONTROSE AVE,MORRELL,SCHOLES,STAGG,STAGG WALK,TEN EYCK,NA,NA,NA,NA,NA,NA,NA,NA,NA,NA,NA,NA,NA,NA,NA,NA,NA,NA,NA,NA,NA,NA,NA,NA,NA,NA,NA,NA,NA,NA,NA,NA,NA,NA,NA,NA,NA,NA,NA,NA,NA,NA,NA,NA,NA,NA,NA,NA,NA,NA,NA,NA,NA,NA,NA,NA,NA,NA,NA,NA,NA,NA
147,BOERUM,BUSHWICK AVE,GRAHAM AVE,HUMBOLDT,JOHNSON AVE,MONTROSE AVE,MORRELL,NA,NA,NA,NA,NA,NA,NA,NA,NA,NA,NA,NA,NA,NA,NA,NA,NA,NA,NA,NA,NA,NA,NA,NA,NA,NA,NA,NA,NA,NA,NA,NA,NA,NA,NA,NA,NA,NA,NA,NA,NA,NA,NA,NA,NA,NA,NA,NA,NA,NA,NA,NA,NA,NA,NA,NA,NA,NA,NA,NA,NA,NA,NA,NA,NA,NA
148,BOERUM,BUSHWICK AVE,BUSHWICK PL,GRAHAM AVE,HUMBOLDT,JOHNSON AVE,MC KIBBIN,MCKIBBIN,MONTROSE AVE,MORRELL,SEIGEL,NA,NA,NA,NA,NA,NA,NA,NA,NA,NA,NA,NA,NA,NA,NA,NA,NA,NA,NA,NA,NA,NA,NA,NA,NA,NA,NA,NA,NA,NA,NA,NA,NA,NA,NA,NA,NA,NA,NA,NA,NA,NA,NA,NA,NA,NA,NA,NA,NA,NA,NA,NA,NA,NA,NA,NA,NA,NA,NA,NA,NA,NA
149,BOERUM,BROADWAY,EWEN,GRAHAM AVE,LEONARD,LORIMER,MANHATTAN AVE,MC KIBBIN,MCKIBBIN,SEIGEL,NA,NA,NA,NA,NA,NA,NA,NA,NA,NA,NA,NA,NA,NA,NA,NA,NA,NA,NA,NA,NA,NA,NA,NA,NA,NA,NA,NA,NA,NA,NA,NA,NA,NA,NA,NA,NA,NA,NA,NA,NA,NA,NA,NA,NA,NA,NA,NA,NA,NA,NA,NA,NA,NA,NA,NA,NA,NA,NA,NA,NA,NA,NA
150,BOERUM,EWEN,GRAHAM AVE,JOHNSON AVE,LEONARD,MANHATTAN AVE,MC KIBBIN,MCKIBBIN,MONTROSE AVE,NA,NA,NA,NA,NA,NA,NA,NA,NA,NA,NA,NA,NA,NA,NA,NA,NA,NA,NA,NA,NA,NA,NA,NA,NA,NA,NA,NA,NA,NA,NA,NA,NA,NA,NA,NA,NA,NA,NA,NA,NA,NA,NA,NA,NA,NA,NA,NA,NA,NA,NA,NA,NA,NA,NA,NA,NA,NA,NA,NA,NA,NA,NA,NA
151,BARTLETT,BROADWAY,COOK,DEBEVOISE,EWEN,GERRY,GRAHAM AVE,LEONARD,MANHATTAN AVE,MOORE,SEIGEL,VARET,WALLABOUT,WHIPPLE,NA,NA,NA,NA,NA,NA,NA,NA,NA,NA,NA,NA,NA,NA,NA,NA,NA,NA,NA,NA,NA,NA,NA,NA,NA,NA,NA,NA,NA,NA,NA,NA,NA,NA,NA,NA,NA,NA,NA,NA,NA,NA,NA,NA,NA,NA,NA,NA,NA,NA,NA,NA,NA,NA,NA,NA,NA,NA,NA
152,COOK,EWEN,GRAHAM AVE,HUMBOLDT,MANHATTAN AVE,MOORE,SEIGEL,VARET,NA,NA,NA,NA,NA,NA,NA,NA,NA,NA,NA,NA,NA,NA,NA,NA,NA,NA,NA,NA,NA,NA,NA,NA,NA,NA,NA,NA,NA,NA,NA,NA,NA,NA,NA,NA,NA,NA,NA,NA,NA,NA,NA,NA,NA,NA,NA,NA,NA,NA,NA,NA,NA,NA,NA,NA,NA,NA,NA,NA,NA,NA,NA,NA,NA
153,BUSHWICK AVE,COOK,HUMBOLDT,MOORE,MORRELL,SEIGEL,VARET,NA,NA,NA,NA,NA,NA,NA,NA,NA,NA,NA,NA,NA,NA,NA,NA,NA,NA,NA,NA,NA,NA,NA,NA,NA,NA,NA,NA,NA,NA,NA,NA,NA,NA,NA,NA,NA,NA,NA,NA,NA,NA,NA,NA,NA,NA,NA,NA,NA,NA,NA,NA,NA,NA,NA,NA,NA,NA,NA,NA,NA,NA,NA,NA,NA,NA
154,BEAVER,BROADWAY,BUSHWICK AVE,COOK,DEBEVOISE,FLUSHING AVE,GARDEN,GRAHAM AVE,HUMBOLDT,MORRELL,YATES PL,NA,NA,NA,NA,NA,NA,NA,NA,NA,NA,NA,NA,NA,NA,NA,NA,NA,NA,NA,NA,NA,NA,NA,NA,NA,NA,NA,NA,NA,NA,NA,NA,NA,NA,NA,NA,NA,NA,NA,NA,NA,NA,NA,NA,NA,NA,NA,NA,NA,NA,NA,NA,NA,NA,NA,NA,NA,NA,NA,NA,NA,NA
155,ANN,ASH,BLUE,BOX,CLAY,COMMERCIAL,DICK,DUPONT,EAGLE,EVE,FELL,FRANKLIN,MANHATTAN AVE,N BAY,OAKLAND,PINK,POTTERY BEACH,WEST,NA,NA,NA,NA,NA,NA,NA,NA,NA,NA,NA,NA,NA,NA,NA,NA,NA,NA,NA,NA,NA,NA,NA,NA,NA,NA,NA,NA,NA,NA,NA,NA,NA,NA,NA,NA,NA,NA,NA,NA,NA,NA,NA,NA,NA,NA,NA,NA,NA,NA,NA,NA,NA,NA,NA
156,ASH,BOX,BRANT,CLAY,DUCK,DUPONT,EAGLE,MANHATTAN AVE,OAKLAND,PAIDGE AVE,PEQUOT,PROVOST,RANTON,SETAUKET,SHAWNETT,NA,NA,NA,NA,NA,NA,NA,NA,NA,NA,NA,NA,NA,NA,NA,NA,NA,NA,NA,NA,NA,NA,NA,NA,NA,NA,NA,NA,NA,NA,NA,NA,NA,NA,NA,NA,NA,NA,NA,NA,NA,NA,NA,NA,NA,NA,NA,NA,NA,NA,NA,NA,NA,NA,NA,NA,NA,NA
157,DUCK,EAGLE,FREEMAN,GREEN,GREENE,HENRY PL,HOLLAND,KINGLAND AVE,LEYDEN,MANHATTAN AVE,N HENRY,OAKLAND,PAIDGE AVE,PROVOST,NA,NA,NA,NA,NA,NA,NA,NA,NA,NA,NA,NA,NA,NA,NA,NA,NA,NA,NA,NA,NA,NA,NA,NA,NA,NA,NA,NA,NA,NA,NA,NA,NA,NA,NA,NA,NA,NA,NA,NA,NA,NA,NA,NA,NA,NA,NA,NA,NA,NA,NA,NA,NA,NA,NA,NA,NA,NA,NA
158,EMERY,GREEN,GREENE,GREENPOINT AVE,HURON,INDIA,JAVA,KINGLAND AVE,KINGSLAND AVE,LEYDEN,MANHATTAN AVE,N HENRY,OAKLAND,PAIDGE AVE,PROVOST,SUTTON,WALLOCK,NA,NA,NA,NA,NA,NA,NA,NA,NA,NA,NA,NA,NA,NA,NA,NA,NA,NA,NA,NA,NA,NA,NA,NA,NA,NA,NA,NA,NA,NA,NA,NA,NA,NA,NA,NA,NA,NA,NA,NA,NA,NA,NA,NA,NA,NA,NA,NA,NA,NA,NA,NA,NA,NA,NA,NA
159,GREENPOINT AVE,JAVA,KENT,MANHATTAN AVE,MONITOR,MOULTRIE,N HENRY,OAKLAND,PROVOST,NA,NA,NA,NA,NA,NA,NA,NA,NA,NA,NA,NA,NA,NA,NA,NA,NA,NA,NA,NA,NA,NA,NA,NA,NA,NA,NA,NA,NA,NA,NA,NA,NA,NA,NA,NA,NA,NA,NA,NA,NA,NA,NA,NA,NA,NA,NA,NA,NA,NA,NA,NA,NA,NA,NA,NA,NA,NA,NA,NA,NA,NA,NA,NA
160,CALYER,CHARLICK,DIAMOND,ECKFORD,FRONT PL,GREENPOINT AVE,HUMBOLDT,JAVA,JEWEL,JEWELL,KINGLAND AVE,KINGSLAND AVE,LEONARD,MANHATTAN AVE,MESEROLE AVE,MILTON,MONITOR,MORGAN AVE,MOULTRIE,N HENRY,NEWELL,NOBLE,OAKLAND,PROVOST,RUSSELL,SUTTON,VAIL,WRIGHT,NA,NA,NA,NA,NA,NA,NA,NA,NA,NA,NA,NA,NA,NA,NA,NA,NA,NA,NA,NA,NA,NA,NA,NA,NA,NA,NA,NA,NA,NA,NA,NA,NA,NA,NA,NA,NA,NA,NA,NA,NA,NA,NA,NA,NA
161,APOLLO,BRIDGEWATER,CHARLICK,DIAMOND,ECKFORD,FRONT PL,HAUSMAN,HUMBOLDT,JEWEL,JEWELL,KINGLAND AVE,KINGSLAND AVE,LEONARD,MANHATTAN AVE,MESEROLE AVE,MONITOR,MORGAN AVE,MOULTRIE,N HENRY,NEWELL,NORMAN,NORMAN AVE,OAKLAND,POLLOCK,RUSSELL,SUTTON,WEBSTER,NA,NA,NA,NA,NA,NA,NA,NA,NA,NA,NA,NA,NA,NA,NA,NA,NA,NA,NA,NA,NA,NA,NA,NA,NA,NA,NA,NA,NA,NA,NA,NA,NA,NA,NA,NA,NA,NA,NA,NA,NA,NA,NA,NA,NA,NA
162,4,APOLLO,BRIDGEWATER,BRIDGEWATR,DIAMOND,ECKFORD,FRONT PL,HAUSMAN,HUMBOLDT,JEWEL,JEWELL,KINGLAND AVE,KINGSLAND AVE,LAKE,LEONARD,MANHATTAN AVE,MEEKER AVE,MONITOR,MORGAN AVE,MORSE,MOULTRIE,N HENRY,NASSAU AVE,NASSAU PL,NEWELL,NORMAN,NORMAN AVE,OAKLAND,RUSSELL,STEWART AVE,SUTTON,VAN DAM,VANDAM,VARICK,VARICK AVE,NA,NA,NA,NA,NA,NA,NA,NA,NA,NA,NA,NA,NA,NA,NA,NA,NA,NA,NA,NA,NA,NA,NA,NA,NA,NA,NA,NA,NA,NA,NA,NA,NA,NA,NA,NA,NA,NA
163,EAGLE,FRANKLIN,FREEMAN,GREEN,GREENE,MANHATTAN AVE,WEST,NA,NA,NA,NA,NA,NA,NA,NA,NA,NA,NA,NA,NA,NA,NA,NA,NA,NA,NA,NA,NA,NA,NA,NA,NA,NA,NA,NA,NA,NA,NA,NA,NA,NA,NA,NA,NA,NA,NA,NA,NA,NA,NA,NA,NA,NA,NA,NA,NA,NA,NA,NA,NA,NA,NA,NA,NA,NA,NA,NA,NA,NA,NA,NA,NA,NA
164,FRANKLIN,GREEN,GREENE,HURON,INDIA,MANHATTAN AVE,WEST,NA,NA,NA,NA,NA,NA,NA,NA,NA,NA,NA,NA,NA,NA,NA,NA,NA,NA,NA,NA,NA,NA,NA,NA,NA,NA,NA,NA,NA,NA,NA,NA,NA,NA,NA,NA,NA,NA,NA,NA,NA,NA,NA,NA,NA,NA,NA,NA,NA,NA,NA,NA,NA,NA,NA,NA,NA,NA,NA,NA,NA,NA,NA,NA,NA,NA
165,FRANKLIN,INDIA,JAVA,KENT,MANHATTAN AVE,WEST,NA,NA,NA,NA,NA,NA,NA,NA,NA,NA,NA,NA,NA,NA,NA,NA,NA,NA,NA,NA,NA,NA,NA,NA,NA,NA,NA,NA,NA,NA,NA,NA,NA,NA,NA,NA,NA,NA,NA,NA,NA,NA,NA,NA,NA,NA,NA,NA,NA,NA,NA,NA,NA,NA,NA,NA,NA,NA,NA,NA,NA,NA,NA,NA,NA,NA,NA
166,FRANKLIN,GREENPOINT AVE,KENT,MANHATTAN AVE,MILTON,NOBLE,WEST,NA,NA,NA,NA,NA,NA,NA,NA,NA,NA,NA,NA,NA,NA,NA,NA,NA,NA,NA,NA,NA,NA,NA,NA,NA,NA,NA,NA,NA,NA,NA,NA,NA,NA,NA,NA,NA,NA,NA,NA,NA,NA,NA,NA,NA,NA,NA,NA,NA,NA,NA,NA,NA,NA,NA,NA,NA,NA,NA,NA,NA,NA,NA,NA,NA,NA
167,BANKER,CALYER,DOBBIN,FRANKLIN,GUERNSEY,LORIMER,MANHATTAN AVE,NOBLE,OAK,WEST,NA,NA,NA,NA,NA,NA,NA,NA,NA,NA,NA,NA,NA,NA,NA,NA,NA,NA,NA,NA,NA,NA,NA,NA,NA,NA,NA,NA,NA,NA,NA,NA,NA,NA,NA,NA,NA,NA,NA,NA,NA,NA,NA,NA,NA,NA,NA,NA,NA,NA,NA,NA,NA,NA,NA,NA,NA,NA,NA,NA,NA,NA,NA
168,1,2,3,4,BANKER,BEDFORD AVE,CALYER,CLIFFORD PL,DOBBIN,DRIGGS AVE,FRANKLIN,GEM,GUERNSEY,JANE,LORIMER,MANHATTAN AVE,MESEROLE AVE,N 14,N 15,NASSAU AVE,NORMAN,NORMAN AVE,QUAY,VAN COTT AVE,WEST,WYTHE AVE,NA,NA,NA,NA,NA,NA,NA,NA,NA,NA,NA,NA,NA,NA,NA,NA,NA,NA,NA,NA,NA,NA,NA,NA,NA,NA,NA,NA,NA,NA,NA,NA,NA,NA,NA,NA,NA,NA,NA,NA,NA,NA,NA,NA,NA,NA,NA
169,APOLLO,DIAMOND,DRIGGS AVE,ECKFORD,HAUSMAN,HUMBOLDT,JEWEL,KINGLAND AVE,KINGSLAND AVE,LEONARD,MANHATTAN AVE,MEEKER AVE,MONITOR,MORGAN AVE,N HENRY,NASSAU AVE,NASSAU PL,NEWELL,OAKLAND,PORTER AVE,RUSSELL,SUTTON,VAN COTT AVE,VAN DAM,VANDAM,VANDERVOORT AVE,VARICK,VARICK AVE,NA,NA,NA,NA,NA,NA,NA,NA,NA,NA,NA,NA,NA,NA,NA,NA,NA,NA,NA,NA,NA,NA,NA,NA,NA,NA,NA,NA,NA,NA,NA,NA,NA,NA,NA,NA,NA,NA,NA,NA,NA,NA,NA,NA,NA
170,BAYARD,BROOME,DIAMOND,DRIGGS AVE,ECKFORD,ENGERT AVE,EWEN,GRAHAM AVE,HUMBOLDT,JANE,KINGLAND AVE,KINGSLAND AVE,LEONARD,MANHATTAN AVE,MEEKER AVE,MONITOR,MORGAN AVE,N HENRY,NEWTON,OAKLAND,RICHARDSON,RUSSELL,SUTTON,VAN COTT AVE,VAN PELT AVE,NA,NA,NA,NA,NA,NA,NA,NA,NA,NA,NA,NA,NA,NA,NA,NA,NA,NA,NA,NA,NA,NA,NA,NA,NA,NA,NA,NA,NA,NA,NA,NA,NA,NA,NA,NA,NA,NA,NA,NA,NA,NA,NA,NA,NA,NA,NA,NA
171,AMOS,ANTHONY,BANZETT,BEADEL,BENNETT,CHERRY,DEBEVOISE AVE,DIVISION PL,EWEN,FROST,GARDNER AVE,GRAHAM AVE,HAUSMAN,HEBERT,HERBERT,HUMBOLDT,KINGLAND AVE,KINGSLAND AVE,LOMBARDY,MANHATTAN AVE,MEEKER AVE,MONITOR,MORGAN AVE,N HENRY,PORTER AVE,RICHARDSON,SCOTT AVE,STEWART AVE,SUTTON,THOMAS,TOWNSEND,VAN COTT AVE,VAN PELT AVE,VANDAM,VANDERVOORT AVE,VANDERVORT AVE,VARICK,VARICK AVE,NA,NA,NA,NA,NA,NA,NA,NA,NA,NA,NA,NA,NA,NA,NA,NA,NA,NA,NA,NA,NA,NA,NA,NA,NA,NA,NA,NA,NA,NA,NA,NA,NA,NA,NA
172,BANZETT,BENNETT,BENTON,BULLION,BUSHWICK AVE,CONSELYEA,DEBEVOISE AVE,FROST,GARDNER AVE,HUMBOLDT,JACKSON,KINGLAND AVE,KINGSLAND AVE,MASPETH AVE,MORGAN AVE,N 2,OLD WOOD POINT RD,PARKER,PORTER AVE,SCOTT AVE,SENECA AVE,SKILLMAN AVE,STEWART AVE,VANDERVOORT AVE,VANDERVORT AVE,VARICK AVE,WITHERS,NA,NA,NA,NA,NA,NA,NA,NA,NA,NA,NA,NA,NA,NA,NA,NA,NA,NA,NA,NA,NA,NA,NA,NA,NA,NA,NA,NA,NA,NA,NA,NA,NA,NA,NA,NA,NA,NA,NA,NA,NA,NA,NA,NA,NA,NA
173,AGATE,AINSLIE,BANZETT,BUSHWICK AVE,CALHOUN,CATHARINE,CATHERINE,DEVOE,DICKINSON,GARDNER AVE,GRAND,GUILFORD,HUMBOLDT,JUDGE,KINGSLAND AVE,LAGRANGE,MASPETH AVE,METROPOLITAN AVE,METROPOLITAN AVE BRG,MILL,MILL PL,MORGAN AVE,N 2,OLIVE,ORIENT AVE,PORTER AVE,POWERS,SCOTT AVE,SENECA AVE,SHARON,SPRUCE,STEWART AVE,VANDERVOORT AVE,VANDERVORT AVE,VARICK AVE,WATERBURY,NA,NA,NA,NA,NA,NA,NA,NA,NA,NA,NA,NA,NA,NA,NA,NA,NA,NA,NA,NA,NA,NA,NA,NA,NA,NA,NA,NA,NA,NA,NA,NA,NA,NA,NA,NA,NA
174,. NICHOLAS AVE,AGATE,BOERUM,BOGART,BREMEN,BUSHWICK AVE,BUSHWICK PL,CENTRAL AVE,COOK,COVERT AVE,DEBEVOISE,EVERGREEN AVE,FLUSHING AVE,FORREST,GARDNER AVE,GEORGE,GRAND,GRATTAN,HAMBURG,HARRISON PL,INGRAHAM,IRVING AVE,JOHNSON AVE,KNICKERBOCKER AVE,LAGRANGE,MAUJER,MC KIBBIN,MCKIBBIN,MEADOW,MELROSE,MESEROLE,METROPOLITAN AVE,METROPOLITAN AVE BRG,MONTROSE AVE,MOORE,MORGAN AVE,MORRELL,OLD BUSHWICK AVE,PORTER AVE,PROSPECT WAY,RANDOLPH,ROCK,SCHOLES,SCOTT AVE,SEIGEL,SENECA AVE,SPRUCE,STAGG,STEWART AVE,TEN EYCK,TENEYCK,THAMES,VANDERVOORT AVE,VARET,VARICK AVE,WATERBURY,WHITE,WYCKOFF AVE,NA,NA,NA,NA,NA,NA,NA,NA,NA,NA,NA,NA,NA,NA,NA
175,. NICHOLAS AVE,CENTRAL AVE,COVERT AVE,CYPRESS AVE,E ADAMS,EVERGREEN AVE,FLUSHING AVE,FORREST,GEORGE,GRATTAN,HAMBURG,INGRAHAM,IRVING AVE,JEFFERSON,JEFFERSON PL,JOHNSON AVE,KNICKERBOCKER AVE,MELROSE,MONTEITH,NOLL,PROSPECT WAY,RANDOLPH,ROCK,SAINT NICHOLASS AVE,SCOTT AVE,SENECA AVE,THAMES,TROUTMAN,VANDERVOORT AVE,VARICK AVE,WILSON AVE,WYCKOFF AVE,NA,NA,NA,NA,NA,NA,NA,NA,NA,NA,NA,NA,NA,NA,NA,NA,NA,NA,NA,NA,NA,NA,NA,NA,NA,NA,NA,NA,NA,NA,NA,NA,NA,NA,NA,NA,NA,NA,NA,NA,NA
176,ARION PL,BEAVER,BELVIDERE,BREMEN,BROADWAY,BURR PL,BUSHWICK AVE,DEBEVOISE,DITMARS,E ADAMS,ELLERY,EVERGREEN AVE,FAYETTE,FLOYD,FLUSHING AVE,FORREST,GARDEN,GEORGE,HUMBOLDT,JEFFERSON,JEFFERSON PL,LOCUST,MELROSE,MONTEITH,MONTIETH,MYRTLE,MYRTLE AVE,NOLL,PARK,PARK AVE,PROSPECT WAY,STANWIX,STOCKTON,STUYVESANT AVE,SUMNER PL,TROUTMAN,WALL,YATES PL,NA,NA,NA,NA,NA,NA,NA,NA,NA,NA,NA,NA,NA,NA,NA,NA,NA,NA,NA,NA,NA,NA,NA,NA,NA,NA,NA,NA,NA,NA,NA,NA,NA,NA,NA
177,. NICHOLAS AVE,BROADWAY,BUSHWICK AVE,CEDAR,CENTRAL AVE,CYPRESS AVE,DE KALB AVE,DEKALB AVE,DODSWORTH,ELM,EVERGREEN AVE,HAMBURG,HART,IRVING AVE,KNICKERBOCKER AVE,KOSCIUSKO,KOSCIUSZKO,LAWTON,MYRTLE AVE,SAINT NICHOLASS AVE,STANHOPE,STOCKHOLM,SUYDAM,WILSON AVE,WYCKOFF AVE,NA,NA,NA,NA,NA,NA,NA,NA,NA,NA,NA,NA,NA,NA,NA,NA,NA,NA,NA,NA,NA,NA,NA,NA,NA,NA,NA,NA,NA,NA,NA,NA,NA,NA,NA,NA,NA,NA,NA,NA,NA,NA,NA,NA,NA,NA,NA,NA
178,. NICHOLAS AVE,BROADWAY,BUSHWICK AVE,CENTRAL AVE,CHARLES PL,CYPRESS AVE,DITMARS,DITMARS AVE,EVERGREEN AVE,HAMBURG,IRVING AVE,KNICKERBOCKER AVE,MYRTLE,MYRTLE AVE,SAINT NICHOLASS AVE,STARR,STUYVESANT AVE,SUYDAM,TROUTMAN,WILLOUGHBY AVE,WILSON AVE,WYCKOFF AVE,NA,NA,NA,NA,NA,NA,NA,NA,NA,NA,NA,NA,NA,NA,NA,NA,NA,NA,NA,NA,NA,NA,NA,NA,NA,NA,NA,NA,NA,NA,NA,NA,NA,NA,NA,NA,NA,NA,NA,NA,NA,NA,NA,NA,NA,NA,NA,NA,NA,NA,NA
179,ABERDEEN,BAINBRIDGE,BROADWAY,BUSHWICK AVE,CENTRAL AVE,CHAUNCEY,CONWAY,COOPER,CORNELIA,COVERT,DE SALES PL,DECATUR,DURYEA,E MARGINAL,EAST PKWY,ELDERT,EVERGREEN AVE,FAIRFAX,FANCHON PL,FURMAN AVE,GRANITE,HALSEY,HAMBURG,HANCOCK,HIGHLAND BLVD,HOPKINSON AVE,HULL PL,IRVING AVE,IVY,JACOB,JEFFERSON,JEFFERSON AVE,KNICKERBOCKER AVE,MADISON,MARGARETTA,MARION,MOFFAT,PILLING,PUTNAM AVE,SARATOGA AVE,SCHAEFER,SCHAEFFER,STEWART,STONE AVE,SUMPTER,VAN VOORHIS,VANDERVEER,VIGELIUS,W MARGINAL,WEIRFIELD,WILSON AVE,WOODBINE,WYCKOFF AVE,NA,NA,NA,NA,NA,NA,NA,NA,NA,NA,NA,NA,NA,NA,NA,NA,NA,NA,NA,NA
180,. NICHOLAS AVE,BLEECKER,BROADWAY,BUSHWICK AVE,CENTRAL AVE,CENTRAL PL,EVERGREEN AVE,GATES AVE,GOODWIN PL,GREENE AVE,GROVE,HAMBURG,HARMAN,HIMROD,HOWARD AVE,IRVING AVE,KNICKERBOCKER AVE,KOSCIUSKO,KOSCIUSZKO,KOSSUTH PL,LAFAYETTE AVE,LINDEN,MADISON,MAGNOLIA,MENAHAN,MONROE,MYRTLE AVE,PALMETTO,RALPH,RALPH AVE,SAINT NICHOLASS AVE,STANHOPE,STOCKHOLM,VAN BUREN,WILSON AVE,WOODBINE,WYCKOFF AVE,NA,NA,NA,NA,NA,NA,NA,NA,NA,NA,NA,NA,NA,NA,NA,NA,NA,NA,NA,NA,NA,NA,NA,NA,NA,NA,NA,NA,NA,NA,NA,NA,NA,NA,NA,NA
181,BARTLETT,BROADWAY,COOK,DELMONICO PL,FLUSHING AVE,GERRY,GRAHAM AVE,HARRISON AVE,LEONARD,MARCY AVE,MOORE,THORNTON,THROOP AVE,TOMPKINS AVE,WALLABOUT,WHIPPLE,NA,NA,NA,NA,NA,NA,NA,NA,NA,NA,NA,NA,NA,NA,NA,NA,NA,NA,NA,NA,NA,NA,NA,NA,NA,NA,NA,NA,NA,NA,NA,NA,NA,NA,NA,NA,NA,NA,NA,NA,NA,NA,NA,NA,NA,NA,NA,NA,NA,NA,NA,NA,NA,NA,NA,NA,NA
182,BEDFORD AVE,BROADWAY,FLUSHING AVE,GERRY,GWINNETT,HARRISON AVE,LEE AVE,LORIMER,LYNCH,MARCY AVE,MIDDLETON,MOORE,NOSTRAND AVE,SANDFORD,SEIGEL,SPENCER,THROOP AVE,WALLABOUT,WALTON,NA,NA,NA,NA,NA,NA,NA,NA,NA,NA,NA,NA,NA,NA,NA,NA,NA,NA,NA,NA,NA,NA,NA,NA,NA,NA,NA,NA,NA,NA,NA,NA,NA,NA,NA,NA,NA,NA,NA,NA,NA,NA,NA,NA,NA,NA,NA,NA,NA,NA,NA,NA,NA,NA
183,BEDFORD AVE,BOERUM,BROADWAY,FLUSHING AVE,FRANKLIN AVE,HARRISON AVE,HEYWARD,LEE AVE,LYNCH,MARCY AVE,MCKIBBIN,MIDDLETON,RUTLEDGE,RUTLEDGE AVE,SKILLMAN,THROOP AVE,WALLABOUT,WYTHE AVE,NA,NA,NA,NA,NA,NA,NA,NA,NA,NA,NA,NA,NA,NA,NA,NA,NA,NA,NA,NA,NA,NA,NA,NA,NA,NA,NA,NA,NA,NA,NA,NA,NA,NA,NA,NA,NA,NA,NA,NA,NA,NA,NA,NA,NA,NA,NA,NA,NA,NA,NA,NA,NA,NA,NA
184,12,BEDFORD AVE,BROADWAY,HARRISON AVE,HEWES,LEE AVE,MARCY AVE,PENN,RUTLEDGE,RUTLEDGE AVE,WYTHE AVE,NA,NA,NA,NA,NA,NA,NA,NA,NA,NA,NA,NA,NA,NA,NA,NA,NA,NA,NA,NA,NA,NA,NA,NA,NA,NA,NA,NA,NA,NA,NA,NA,NA,NA,NA,NA,NA,NA,NA,NA,NA,NA,NA,NA,NA,NA,NA,NA,NA,NA,NA,NA,NA,NA,NA,NA,NA,NA,NA,NA,NA,NA
185,10,11,BEDFORD AVE,BROADWAY,DIVISION AVE,HARRISON AVE,HEWES,HOOPER,KEAP,LEE AVE,MARCY AVE,PENN,NA,NA,NA,NA,NA,NA,NA,NA,NA,NA,NA,NA,NA,NA,NA,NA,NA,NA,NA,NA,NA,NA,NA,NA,NA,NA,NA,NA,NA,NA,NA,NA,NA,NA,NA,NA,NA,NA,NA,NA,NA,NA,NA,NA,NA,NA,NA,NA,NA,NA,NA,NA,NA,NA,NA,NA,NA,NA,NA,NA,NA
186,10,8,9,BEDFORD AVE,BROADWAY,DIVISION AVE,KEAP,LEE AVE,MARCY AVE,RODNEY,ROSS,S 9,NA,NA,NA,NA,NA,NA,NA,NA,NA,NA,NA,NA,NA,NA,NA,NA,NA,NA,NA,NA,NA,NA,NA,NA,NA,NA,NA,NA,NA,NA,NA,NA,NA,NA,NA,NA,NA,NA,NA,NA,NA,NA,NA,NA,NA,NA,NA,NA,NA,NA,NA,NA,NA,NA,NA,NA,NA,NA,NA,NA,NA
187,5,6,7,8,BEDFORD AVE,CLYMER,DIVISION AVE,DRIGGS AVE,HAVEMEYER,LEE AVE,MARCY AVE,ROEBLING,ROSS,S 9,TAYLOR,WILSON,NA,NA,NA,NA,NA,NA,NA,NA,NA,NA,NA,NA,NA,NA,NA,NA,NA,NA,NA,NA,NA,NA,NA,NA,NA,NA,NA,NA,NA,NA,NA,NA,NA,NA,NA,NA,NA,NA,NA,NA,NA,NA,NA,NA,NA,NA,NA,NA,NA,NA,NA,NA,NA,NA,NA,NA,NA
188,2,3,4,5,BEDFORD AVE,BERRY,CLYMER,DIVISION AVE,LEE AVE,MORTON,RUSH,S 10,S 11,S 9,TAYLOR,WYTHE AVE,NA,NA,NA,NA,NA,NA,NA,NA,NA,NA,NA,NA,NA,NA,NA,NA,NA,NA,NA,NA,NA,NA,NA,NA,NA,NA,NA,NA,NA,NA,NA,NA,NA,NA,NA,NA,NA,NA,NA,NA,NA,NA,NA,NA,NA,NA,NA,NA,NA,NA,NA,NA,NA,NA,NA,NA,NA
189,BEDFORD AVE,HEWES,HOOPER,KEAP,RODNEY,ROSS,WILSON,WYTHE AVE,NA,NA,NA,NA,NA,NA,NA,NA,NA,NA,NA,NA,NA,NA,NA,NA,NA,NA,NA,NA,NA,NA,NA,NA,NA,NA,NA,NA,NA,NA,NA,NA,NA,NA,NA,NA,NA,NA,NA,NA,NA,NA,NA,NA,NA,NA,NA,NA,NA,NA,NA,NA,NA,NA,NA,NA,NA,NA,NA,NA,NA,NA,NA,NA,NA
190,ADELPHI,CANAL,CARLTON AVE,CLASON AVE,CLERMONT AVE,CLYMER,CROSS,CUMBERLAND,FLUSHING AVE,FRANKLIN AVE,GRAHAM,GRAND AVE,HEWES,HEYWARD,HOOPER,KEAP,KENT AVE,N OXFORD,PENN,PORTLAND AVE N,RODNEY,ROSS,RUTLEDGE,RUTLEDGE AVE,RYERSON,TAYLOR,VANDERBILT AVE,WAALBOCHT PL,WALLABOUT,WASHINGTON AVE,WILLIAMSBURGH RD,WILSON,WYTHE AVE,NA,NA,NA,NA,NA,NA,NA,NA,NA,NA,NA,NA,NA,NA,NA,NA,NA,NA,NA,NA,NA,NA,NA,NA,NA,NA,NA,NA,NA,NA,NA,NA,NA,NA,NA,NA,NA,NA,NA,NA
191,1,2,BEDFORD AVE,CLYMER,CROSS,DIVISION AVE,KENT AVE,MORTON,RUSH,S 11,TAYLOR,WILSON,WYTHE AVE,NA,NA,NA,NA,NA,NA,NA,NA,NA,NA,NA,NA,NA,NA,NA,NA,NA,NA,NA,NA,NA,NA,NA,NA,NA,NA,NA,NA,NA,NA,NA,NA,NA,NA,NA,NA,NA,NA,NA,NA,NA,NA,NA,NA,NA,NA,NA,NA,NA,NA,NA,NA,NA,NA,NA,NA,NA,NA,NA,NA
192,AUBURN PL,CUMBERLAND,FLUSHING AVE,MYRTLE AVE,N OXFORD,N PORTLAND AVE,PARK AVE,PORTLAND AVE N,NA,NA,NA,NA,NA,NA,NA,NA,NA,NA,NA,NA,NA,NA,NA,NA,NA,NA,NA,NA,NA,NA,NA,NA,NA,NA,NA,NA,NA,NA,NA,NA,NA,NA,NA,NA,NA,NA,NA,NA,NA,NA,NA,NA,NA,NA,NA,NA,NA,NA,NA,NA,NA,NA,NA,NA,NA,NA,NA,NA,NA,NA,NA,NA,NA
193,CARLTON AVE,CUMBERLAND,FLUSHING AVE,MYRTLE AVE,PARK AVE,WASHINGTON PARK,WILLOUGHBY AVE,NA,NA,NA,NA,NA,NA,NA,NA,NA,NA,NA,NA,NA,NA,NA,NA,NA,NA,NA,NA,NA,NA,NA,NA,NA,NA,NA,NA,NA,NA,NA,NA,NA,NA,NA,NA,NA,NA,NA,NA,NA,NA,NA,NA,NA,NA,NA,NA,NA,NA,NA,NA,NA,NA,NA,NA,NA,NA,NA,NA,NA,NA,NA,NA,NA,NA
194,ADELPHI,CARLTON AVE,FLUSHING AVE,MYRTLE AVE,PARK AVE,WILLOUGHBY AVE,NA,NA,NA,NA,NA,NA,NA,NA,NA,NA,NA,NA,NA,NA,NA,NA,NA,NA,NA,NA,NA,NA,NA,NA,NA,NA,NA,NA,NA,NA,NA,NA,NA,NA,NA,NA,NA,NA,NA,NA,NA,NA,NA,NA,NA,NA,NA,NA,NA,NA,NA,NA,NA,NA,NA,NA,NA,NA,NA,NA,NA,NA,NA,NA,NA,NA,NA
195,ADELPHI,CLERMONT AVE,FLUSHING AVE,MYRTLE AVE,PARK AVE,WILLOUGHBY AVE,NA,NA,NA,NA,NA,NA,NA,NA,NA,NA,NA,NA,NA,NA,NA,NA,NA,NA,NA,NA,NA,NA,NA,NA,NA,NA,NA,NA,NA,NA,NA,NA,NA,NA,NA,NA,NA,NA,NA,NA,NA,NA,NA,NA,NA,NA,NA,NA,NA,NA,NA,NA,NA,NA,NA,NA,NA,NA,NA,NA,NA,NA,NA,NA,NA,NA,NA
196,CLERMONT AVE,FLUSHING AVE,MYRTLE AVE,PARK AVE,VANDERBILT AVE,NA,NA,NA,NA,NA,NA,NA,NA,NA,NA,NA,NA,NA,NA,NA,NA,NA,NA,NA,NA,NA,NA,NA,NA,NA,NA,NA,NA,NA,NA,NA,NA,NA,NA,NA,NA,NA,NA,NA,NA,NA,NA,NA,NA,NA,NA,NA,NA,NA,NA,NA,NA,NA,NA,NA,NA,NA,NA,NA,NA,NA,NA,NA,NA,NA,NA,NA,NA
197,CLINTON AVE,FLUSHING AVE,MYRTLE AVE,PARK AVE,VANDERBILT AVE,WASHINGTON AVE,WAVERLY AVE,NA,NA,NA,NA,NA,NA,NA,NA,NA,NA,NA,NA,NA,NA,NA,NA,NA,NA,NA,NA,NA,NA,NA,NA,NA,NA,NA,NA,NA,NA,NA,NA,NA,NA,NA,NA,NA,NA,NA,NA,NA,NA,NA,NA,NA,NA,NA,NA,NA,NA,NA,NA,NA,NA,NA,NA,NA,NA,NA,NA,NA,NA,NA,NA,NA,NA
198,CLERMONT AVE,CLINTON AVE,DE KALB AVE,DEKALB AVE,MYRTLE AVE,VANDERBILT AVE,WASHINGTON AVE,WAVERLY AVE,WILLOUGHBY AVE,NA,NA,NA,NA,NA,NA,NA,NA,NA,NA,NA,NA,NA,NA,NA,NA,NA,NA,NA,NA,NA,NA,NA,NA,NA,NA,NA,NA,NA,NA,NA,NA,NA,NA,NA,NA,NA,NA,NA,NA,NA,NA,NA,NA,NA,NA,NA,NA,NA,NA,NA,NA,NA,NA,NA,NA,NA,NA,NA,NA,NA,NA,NA,NA
199,ADELPHI,CARLTON AVE,CLERMONT AVE,CUMBERLAND,DE KALB AVE,DEKALB AVE,WASHINGTON PARK,WILLOUGHBY AVE,NA,NA,NA,NA,NA,NA,NA,NA,NA,NA,NA,NA,NA,NA,NA,NA,NA,NA,NA,NA,NA,NA,NA,NA,NA,NA,NA,NA,NA,NA,NA,NA,NA,NA,NA,NA,NA,NA,NA,NA,NA,NA,NA,NA,NA,NA,NA,NA,NA,NA,NA,NA,NA,NA,NA,NA,NA,NA,NA,NA,NA,NA,NA,NA,NA
200,ADELPHI,CARLTON AVE,CLERMONT AVE,CLINTON AVE,CUMBERLAND,DE KALB AVE,DEKALB AVE,LAFAYETTE AVE,VANDERBILT AVE,WASHINGTON AVE,WAVERLY AVE,NA,NA,NA,NA,NA,NA,NA,NA,NA,NA,NA,NA,NA,NA,NA,NA,NA,NA,NA,NA,NA,NA,NA,NA,NA,NA,NA,NA,NA,NA,NA,NA,NA,NA,NA,NA,NA,NA,NA,NA,NA,NA,NA,NA,NA,NA,NA,NA,NA,NA,NA,NA,NA,NA,NA,NA,NA,NA,NA,NA,NA,NA
201,6 AVE,ATLANTIC AVE,CUMBERLAND,DE KALB AVE,DEKALB AVE,FULTON,HANSON PL,LAFAYETTE AVE,PORTLAND AVE S,S OXFORD,S PORTLAND AVE,NA,NA,NA,NA,NA,NA,NA,NA,NA,NA,NA,NA,NA,NA,NA,NA,NA,NA,NA,NA,NA,NA,NA,NA,NA,NA,NA,NA,NA,NA,NA,NA,NA,NA,NA,NA,NA,NA,NA,NA,NA,NA,NA,NA,NA,NA,NA,NA,NA,NA,NA,NA,NA,NA,NA,NA,NA,NA,NA,NA,NA,NA
202,ATLANTIC AVE,CARLTON AVE,CUMBERLAND,FULTON,GREENE AVE,HANSON PL,LAFAYETTE AVE,S OXFORD,NA,NA,NA,NA,NA,NA,NA,NA,NA,NA,NA,NA,NA,NA,NA,NA,NA,NA,NA,NA,NA,NA,NA,NA,NA,NA,NA,NA,NA,NA,NA,NA,NA,NA,NA,NA,NA,NA,NA,NA,NA,NA,NA,NA,NA,NA,NA,NA,NA,NA,NA,NA,NA,NA,NA,NA,NA,NA,NA,NA,NA,NA,NA,NA,NA
203,ADELPHI,ATLANTIC AVE,CARLTON AVE,CLERMONT AVE,CUMBERLAND,FULTON,GREENE AVE,LAFAYETTE AVE,NA,NA,NA,NA,NA,NA,NA,NA,NA,NA,NA,NA,NA,NA,NA,NA,NA,NA,NA,NA,NA,NA,NA,NA,NA,NA,NA,NA,NA,NA,NA,NA,NA,NA,NA,NA,NA,NA,NA,NA,NA,NA,NA,NA,NA,NA,NA,NA,NA,NA,NA,NA,NA,NA,NA,NA,NA,NA,NA,NA,NA,NA,NA,NA,NA
204,ADELPHI,ATLANTIC AVE,CLERMONT AVE,CLINTON AVE,FULTON,GATES AVE,UNDERHILL AVE,VANDERBILT AVE,WASHINGTON AVE,WAVERLY AVE,NA,NA,NA,NA,NA,NA,NA,NA,NA,NA,NA,NA,NA,NA,NA,NA,NA,NA,NA,NA,NA,NA,NA,NA,NA,NA,NA,NA,NA,NA,NA,NA,NA,NA,NA,NA,NA,NA,NA,NA,NA,NA,NA,NA,NA,NA,NA,NA,NA,NA,NA,NA,NA,NA,NA,NA,NA,NA,NA,NA,NA,NA,NA
205,CLERMONT AVE,CLINTON AVE,FULTON,GATES AVE,GREENE AVE,LAFAYETTE AVE,VANDERBILT AVE,WASHINGTON AVE,WAVERLY AVE,NA,NA,NA,NA,NA,NA,NA,NA,NA,NA,NA,NA,NA,NA,NA,NA,NA,NA,NA,NA,NA,NA,NA,NA,NA,NA,NA,NA,NA,NA,NA,NA,NA,NA,NA,NA,NA,NA,NA,NA,NA,NA,NA,NA,NA,NA,NA,NA,NA,NA,NA,NA,NA,NA,NA,NA,NA,NA,NA,NA,NA,NA,NA,NA
206,BROADWAY,DE KALB AVE,DEKALB AVE,DITMARS,DODSWORTH,GARVEY BLVD,HART,JEFFERSON PL,LAWTON,LEWIS AVE,MALCOLM X BLVD,MYRTLE AVE,PULASKI,REID AVE,STOCKTON,STUYVESANT AVE,VERNON AVE,WILLOUGHBY AVE,YATES AVE,NA,NA,NA,NA,NA,NA,NA,NA,NA,NA,NA,NA,NA,NA,NA,NA,NA,NA,NA,NA,NA,NA,NA,NA,NA,NA,NA,NA,NA,NA,NA,NA,NA,NA,NA,NA,NA,NA,NA,NA,NA,NA,NA,NA,NA,NA,NA,NA,NA,NA,NA,NA,NA,NA
207,BROADWAY,DE KALB AVE,DEKALB AVE,GARVEY BLVD,KOSCIUSKO,KOSCIUSZKO,KOSSUTH PL,LAFAYETTE AVE,LEWIS AVE,MALCOLM X BLVD,PATCHEN AVE,REID AVE,STUYVESANT AVE,YATES AVE,NA,NA,NA,NA,NA,NA,NA,NA,NA,NA,NA,NA,NA,NA,NA,NA,NA,NA,NA,NA,NA,NA,NA,NA,NA,NA,NA,NA,NA,NA,NA,NA,NA,NA,NA,NA,NA,NA,NA,NA,NA,NA,NA,NA,NA,NA,NA,NA,NA,NA,NA,NA,NA,NA,NA,NA,NA,NA,NA
208,GARVEY BLVD,LEWIS AVE,MYRTLE AVE,STOCKTON,THROOP AVE,TOMPKINS AVE,VERNON AVE,WILLOUGHBY AVE,YATES AVE,NA,NA,NA,NA,NA,NA,NA,NA,NA,NA,NA,NA,NA,NA,NA,NA,NA,NA,NA,NA,NA,NA,NA,NA,NA,NA,NA,NA,NA,NA,NA,NA,NA,NA,NA,NA,NA,NA,NA,NA,NA,NA,NA,NA,NA,NA,NA,NA,NA,NA,NA,NA,NA,NA,NA,NA,NA,NA,NA,NA,NA,NA,NA,NA
209,DE KALB AVE,DEKALB AVE,GARVEY BLVD,HART,KOSCIUSKO,KOSCIUSZKO,LAFAYETTE AVE,LEWIS AVE,PULASKI,THROOP AVE,TOMPKINS AVE,WILLOUGHBY AVE,YATES AVE,NA,NA,NA,NA,NA,NA,NA,NA,NA,NA,NA,NA,NA,NA,NA,NA,NA,NA,NA,NA,NA,NA,NA,NA,NA,NA,NA,NA,NA,NA,NA,NA,NA,NA,NA,NA,NA,NA,NA,NA,NA,NA,NA,NA,NA,NA,NA,NA,NA,NA,NA,NA,NA,NA,NA,NA,NA,NA,NA,NA
210,DE KALB AVE,DEKALB AVE,HART,MARCY AVE,NOSTRAND AVE,PULASKI,TOMPKINS AVE,NA,NA,NA,NA,NA,NA,NA,NA,NA,NA,NA,NA,NA,NA,NA,NA,NA,NA,NA,NA,NA,NA,NA,NA,NA,NA,NA,NA,NA,NA,NA,NA,NA,NA,NA,NA,NA,NA,NA,NA,NA,NA,NA,NA,NA,NA,NA,NA,NA,NA,NA,NA,NA,NA,NA,NA,NA,NA,NA,NA,NA,NA,NA,NA,NA,NA
211,BEDFORD AVE,DE KALB AVE,DEKALB AVE,KOSCIUSKO,KOSCIUSZKO,LAFAYETTE AVE,MARCY AVE,NOSTRAND AVE,SPENCER,TOMPKINS AVE,NA,NA,NA,NA,NA,NA,NA,NA,NA,NA,NA,NA,NA,NA,NA,NA,NA,NA,NA,NA,NA,NA,NA,NA,NA,NA,NA,NA,NA,NA,NA,NA,NA,NA,NA,NA,NA,NA,NA,NA,NA,NA,NA,NA,NA,NA,NA,NA,NA,NA,NA,NA,NA,NA,NA,NA,NA,NA,NA,NA,NA,NA,NA
212,BEDFORD AVE,MARCY AVE,MYRTLE AVE,NOSTRAND AVE,SANDFORD,SPENCER,TOMPKINS AVE,VERNON AVE,WALWORTH,WILLOUGHBY AVE,NA,NA,NA,NA,NA,NA,NA,NA,NA,NA,NA,NA,NA,NA,NA,NA,NA,NA,NA,NA,NA,NA,NA,NA,NA,NA,NA,NA,NA,NA,NA,NA,NA,NA,NA,NA,NA,NA,NA,NA,NA,NA,NA,NA,NA,NA,NA,NA,NA,NA,NA,NA,NA,NA,NA,NA,NA,NA,NA,NA,NA,NA,NA
213,BEDFORD AVE,DE KALB AVE,DEKALB AVE,HART,MARCY AVE,NOSTRAND AVE,PULASKI,SANDFORD,SPENCER,TOMPKINS AVE,WALWORTH,WILLOUGHBY AVE,NA,NA,NA,NA,NA,NA,NA,NA,NA,NA,NA,NA,NA,NA,NA,NA,NA,NA,NA,NA,NA,NA,NA,NA,NA,NA,NA,NA,NA,NA,NA,NA,NA,NA,NA,NA,NA,NA,NA,NA,NA,NA,NA,NA,NA,NA,NA,NA,NA,NA,NA,NA,NA,NA,NA,NA,NA,NA,NA,NA,NA
214,BEDFORD AVE,ELLERY,FLUSHING AVE,MYRTLE AVE,NOSTRAND AVE,PARK AVE,SANDFORD,SPENCER,WALWORTH,WARSOFF PL,NA,NA,NA,NA,NA,NA,NA,NA,NA,NA,NA,NA,NA,NA,NA,NA,NA,NA,NA,NA,NA,NA,NA,NA,NA,NA,NA,NA,NA,NA,NA,NA,NA,NA,NA,NA,NA,NA,NA,NA,NA,NA,NA,NA,NA,NA,NA,NA,NA,NA,NA,NA,NA,NA,NA,NA,NA,NA,NA,NA,NA,NA,NA
215,BARTLETT,DELMONICO PL,ELLERY,FLUSHING AVE,GERRY,HARRISON AVE,HOPKINS,MARCY AVE,NOSTRAND AVE,PARK AVE,TOMPKINS AVE,NA,NA,NA,NA,NA,NA,NA,NA,NA,NA,NA,NA,NA,NA,NA,NA,NA,NA,NA,NA,NA,NA,NA,NA,NA,NA,NA,NA,NA,NA,NA,NA,NA,NA,NA,NA,NA,NA,NA,NA,NA,NA,NA,NA,NA,NA,NA,NA,NA,NA,NA,NA,NA,NA,NA,NA,NA,NA,NA,NA,NA,NA
216,FLOYD,MARCY AVE,MYRTLE AVE,NOSTRAND AVE,PARK AVE,SANDFORD,STOCKTON,VERNON AVE,WALWORTH,NA,NA,NA,NA,NA,NA,NA,NA,NA,NA,NA,NA,NA,NA,NA,NA,NA,NA,NA,NA,NA,NA,NA,NA,NA,NA,NA,NA,NA,NA,NA,NA,NA,NA,NA,NA,NA,NA,NA,NA,NA,NA,NA,NA,NA,NA,NA,NA,NA,NA,NA,NA,NA,NA,NA,NA,NA,NA,NA,NA,NA,NA,NA,NA
217,DELMONICO PL,ELLERY,FLUSHING AVE,HOPKINS,PARK AVE,THROOP AVE,TOMPKINS AVE,NA,NA,NA,NA,NA,NA,NA,NA,NA,NA,NA,NA,NA,NA,NA,NA,NA,NA,NA,NA,NA,NA,NA,NA,NA,NA,NA,NA,NA,NA,NA,NA,NA,NA,NA,NA,NA,NA,NA,NA,NA,NA,NA,NA,NA,NA,NA,NA,NA,NA,NA,NA,NA,NA,NA,NA,NA,NA,NA,NA,NA,NA,NA,NA,NA,NA
218,FLOYD,MARCY AVE,MARTIN LUTHER KING PL,MYRTLE AVE,PARK AVE,STOCKTON,THROOP AVE,TOMPKINS AVE,VERNON AVE,NA,NA,NA,NA,NA,NA,NA,NA,NA,NA,NA,NA,NA,NA,NA,NA,NA,NA,NA,NA,NA,NA,NA,NA,NA,NA,NA,NA,NA,NA,NA,NA,NA,NA,NA,NA,NA,NA,NA,NA,NA,NA,NA,NA,NA,NA,NA,NA,NA,NA,NA,NA,NA,NA,NA,NA,NA,NA,NA,NA,NA,NA,NA,NA
219,BROADWAY,ELLERY,FAYETTE,FLUSHING AVE,GARVEY BLVD,HOPKINS,PARK AVE,THORNTON,THROOP AVE,YATES AVE,YATES PL,NA,NA,NA,NA,NA,NA,NA,NA,NA,NA,NA,NA,NA,NA,NA,NA,NA,NA,NA,NA,NA,NA,NA,NA,NA,NA,NA,NA,NA,NA,NA,NA,NA,NA,NA,NA,NA,NA,NA,NA,NA,NA,NA,NA,NA,NA,NA,NA,NA,NA,NA,NA,NA,NA,NA,NA,NA,NA,NA,NA,NA,NA
220,BROADWAY,FLOYD,GARVEY BLVD,LEWIS AVE,LOCUST,PARK AVE,STOCKTON,THROOP AVE,YATES AVE,NA,NA,NA,NA,NA,NA,NA,NA,NA,NA,NA,NA,NA,NA,NA,NA,NA,NA,NA,NA,NA,NA,NA,NA,NA,NA,NA,NA,NA,NA,NA,NA,NA,NA,NA,NA,NA,NA,NA,NA,NA,NA,NA,NA,NA,NA,NA,NA,NA,NA,NA,NA,NA,NA,NA,NA,NA,NA,NA,NA,NA,NA,NA,NA
221,4 AVE,5 AVE,ATLANTIC AVE,BERGEN,DEAN,FLATBUSH AVE,HANSON PL,PACIFIC,RAYMOND,NA,NA,NA,NA,NA,NA,NA,NA,NA,NA,NA,NA,NA,NA,NA,NA,NA,NA,NA,NA,NA,NA,NA,NA,NA,NA,NA,NA,NA,NA,NA,NA,NA,NA,NA,NA,NA,NA,NA,NA,NA,NA,NA,NA,NA,NA,NA,NA,NA,NA,NA,NA,NA,NA,NA,NA,NA,NA,NA,NA,NA,NA,NA,NA
222,. MARKS AVE,4 AVE,5 AVE,6 AVE,BALTIC,BERGEN,FLATBUSH AVE,PARK PL,PROSPECT PL,SAINT MARKS AVE,SAINT MARKS PL,WARREN,WYCKOFF,NA,NA,NA,NA,NA,NA,NA,NA,NA,NA,NA,NA,NA,NA,NA,NA,NA,NA,NA,NA,NA,NA,NA,NA,NA,NA,NA,NA,NA,NA,NA,NA,NA,NA,NA,NA,NA,NA,NA,NA,NA,NA,NA,NA,NA,NA,NA,NA,NA,NA,NA,NA,NA,NA,NA,NA,NA,NA,NA,NA
223,. JOHNS PL,4 AVE,5 AVE,6 AVE,7 AVE,8 AVE,BALTIC,BUTLER,CARLTON AVE,DOUGLAS,DOUGLASS,FLATBUSH AVE,PARK PL,PROSPECT PL,SAINT JOHNS PL,STERLING PL,WARREN,NA,NA,NA,NA,NA,NA,NA,NA,NA,NA,NA,NA,NA,NA,NA,NA,NA,NA,NA,NA,NA,NA,NA,NA,NA,NA,NA,NA,NA,NA,NA,NA,NA,NA,NA,NA,NA,NA,NA,NA,NA,NA,NA,NA,NA,NA,NA,NA,NA,NA,NA,NA,NA,NA,NA,NA
224,. JOHNS PL,4 AVE,5 AVE,6 AVE,7 AVE,8 AVE,9 AVE,BERKLEY PL,CARROLL,DE GRAW,DEGRAW,DOUGLAS,DOUGLASS,E PLZ,FISKE PL,FLATBUSH AVE,GARFIELD PL,LINCOLN PL,MACOMB,MONTGOMERY,MONTGOMERY PL,PARADE PL,POLHEMUS PL,PRESIDENT,PROSPECT PARK GRAND ARMY PLZ,SACKETT,SAINT JOHNS PL,UNION,W PLZ,NA,NA,NA,NA,NA,NA,NA,NA,NA,NA,NA,NA,NA,NA,NA,NA,NA,NA,NA,NA,NA,NA,NA,NA,NA,NA,NA,NA,NA,NA,NA,NA,NA,NA,NA,NA,NA,NA,NA,NA,NA,NA,NA,NA
225,1,1 LN,2,2 AVE,2 LN,3,3 AVE,3 LN,4,4 AVE,4 LN,5,5 AVE,5 LN,6,6 AVE,6 LN,7,7 AVE,7 LN,8,8 AVE,8 LN,9,9 AVE,9 LN,DENTON PL,FISKE PL,GARFIELD PL,MACOMB,WHITWELL PL,NA,NA,NA,NA,NA,NA,NA,NA,NA,NA,NA,NA,NA,NA,NA,NA,NA,NA,NA,NA,NA,NA,NA,NA,NA,NA,NA,NA,NA,NA,NA,NA,NA,NA,NA,NA,NA,NA,NA,NA,NA,NA
226,10,10 AVE,11,11 LN,2 AVE,3 AVE,4 AVE,5 AVE,6 AVE,7 AVE,8,8 AVE,8 LN,9,9 AVE,9 LN,NA,NA,NA,NA,NA,NA,NA,NA,NA,NA,NA,NA,NA,NA,NA,NA,NA,NA,NA,NA,NA,NA,NA,NA,NA,NA,NA,NA,NA,NA,NA,NA,NA,NA,NA,NA,NA,NA,NA,NA,NA,NA,NA,NA,NA,NA,NA,NA,NA,NA,NA,NA,NA,NA,NA,NA,NA
227,11,11 LN,12,12 LN,2 AVE,3 AVE,4 AVE,5 AVE,6 AVE,7 AVE,8 AVE,9 AVE,NA,NA,NA,NA,NA,NA,NA,NA,NA,NA,NA,NA,NA,NA,NA,NA,NA,NA,NA,NA,NA,NA,NA,NA,NA,NA,NA,NA,NA,NA,NA,NA,NA,NA,NA,NA,NA,NA,NA,NA,NA,NA,NA,NA,NA,NA,NA,NA,NA,NA,NA,NA,NA,NA,NA,NA,NA,NA,NA,NA,NA
228,12,12 LN,13,2 AVE,3 AVE,4 AVE,5 AVE,6 AVE,7 AVE,8 AVE,9 AVE,HAMILTON AVE,NA,NA,NA,NA,NA,NA,NA,NA,NA,NA,NA,NA,NA,NA,NA,NA,NA,NA,NA,NA,NA,NA,NA,NA,NA,NA,NA,NA,NA,NA,NA,NA,NA,NA,NA,NA,NA,NA,NA,NA,NA,NA,NA,NA,NA,NA,NA,NA,NA,NA,NA,NA,NA,NA,NA,NA,NA,NA,NA,NA,NA
229,13,14,15,16,2 AVE,3 AVE,4 AVE,5 AVE,6 AVE,7 AVE,8 AVE,HAMILTON AVE,PROSPECT AVE,NA,NA,NA,NA,NA,NA,NA,NA,NA,NA,NA,NA,NA,NA,NA,NA,NA,NA,NA,NA,NA,NA,NA,NA,NA,NA,NA,NA,NA,NA,NA,NA,NA,NA,NA,NA,NA,NA,NA,NA,NA,NA,NA,NA,NA,NA,NA,NA,NA,NA,NA,NA,NA,NA,NA,NA,NA,NA,NA,NA
230,10 AVE,10 LN,11 AVE,13,14,15,16,3 AVE,4 AVE,5 AVE,6 AVE,7 AVE,8 AVE,9 AVE,BRAXTON,FULLER PL,HOWARD PL,JACKSON PL,PROSPECT AVE,PROSPECT PARK SOUTH WEST,SHERMAN,W PROSPECT,WEBSTER PL,WINDSOR PL,NA,NA,NA,NA,NA,NA,NA,NA,NA,NA,NA,NA,NA,NA,NA,NA,NA,NA,NA,NA,NA,NA,NA,NA,NA,NA,NA,NA,NA,NA,NA,NA,NA,NA,NA,NA,NA,NA,NA,NA,NA,NA,NA,NA,NA,NA,NA,NA,NA
231,. ANDREWS PL,ALBANY AVE,ANDREW PL,ATLANTIC AVE,BKLYN AVE,BROOKLYN AVE,DECATUR,FULTON,GARVEY BLVD,HALSEY,HERKIMER,KINGSTON AVE,MACDONOUGH,MACON,MARCY AVE,MCDONOUGH,NEW YORK AVE,THROOP AVE,TOMPKINS AVE,YATES AVE,NA,NA,NA,NA,NA,NA,NA,NA,NA,NA,NA,NA,NA,NA,NA,NA,NA,NA,NA,NA,NA,NA,NA,NA,NA,NA,NA,NA,NA,NA,NA,NA,NA,NA,NA,NA,NA,NA,NA,NA,NA,NA,NA,NA,NA,NA,NA,NA,NA,NA,NA,NA,NA
232,ARLINGTON PL,ATLANTIC AVE,BEDFORD AVE,BREVOORT PL,FRANKLIN AVE,FULTON,HALSEY,HANCOCK,HERKIMER,HERKIMER PL,JEFFERSON,JEFFERSON AVE,MACON,MARCY AVE,MCDONOUGH,NEW YORK AVE,NOSTRAND AVE,PERRY PL,VERONA PL,NA,NA,NA,NA,NA,NA,NA,NA,NA,NA,NA,NA,NA,NA,NA,NA,NA,NA,NA,NA,NA,NA,NA,NA,NA,NA,NA,NA,NA,NA,NA,NA,NA,NA,NA,NA,NA,NA,NA,NA,NA,NA,NA,NA,NA,NA,NA,NA,NA,NA,NA,NA,NA,NA
233,BEDFORD AVE,GATES AVE,MARCY AVE,MONROE,NOSTRAND AVE,QUINCY,NA,NA,NA,NA,NA,NA,NA,NA,NA,NA,NA,NA,NA,NA,NA,NA,NA,NA,NA,NA,NA,NA,NA,NA,NA,NA,NA,NA,NA,NA,NA,NA,NA,NA,NA,NA,NA,NA,NA,NA,NA,NA,NA,NA,NA,NA,NA,NA,NA,NA,NA,NA,NA,NA,NA,NA,NA,NA,NA,NA,NA,NA,NA,NA,NA,NA,NA
234,BEDFORD AVE,JEFFERSON,JEFFERSON AVE,MADISON,MARCY AVE,MONROE,NOSTRAND AVE,PUTNAM AVE,NA,NA,NA,NA,NA,NA,NA,NA,NA,NA,NA,NA,NA,NA,NA,NA,NA,NA,NA,NA,NA,NA,NA,NA,NA,NA,NA,NA,NA,NA,NA,NA,NA,NA,NA,NA,NA,NA,NA,NA,NA,NA,NA,NA,NA,NA,NA,NA,NA,NA,NA,NA,NA,NA,NA,NA,NA,NA,NA,NA,NA,NA,NA,NA,NA
235,GARVEY BLVD,GATES AVE,LEFFERTS PARK,LEXINGTON AVE,MARCY AVE,MONROE,QUINCY,THROOP AVE,TOMPKINS AVE,YATES AVE,NA,NA,NA,NA,NA,NA,NA,NA,NA,NA,NA,NA,NA,NA,NA,NA,NA,NA,NA,NA,NA,NA,NA,NA,NA,NA,NA,NA,NA,NA,NA,NA,NA,NA,NA,NA,NA,NA,NA,NA,NA,NA,NA,NA,NA,NA,NA,NA,NA,NA,NA,NA,NA,NA,NA,NA,NA,NA,NA,NA,NA,NA,NA
236,GARVEY BLVD,HALSEY,HANCOCK,JEFFERSON,JEFFERSON AVE,MACON,MADISON,MARCY AVE,MONROE,PUTNAM AVE,THROOP AVE,TOMPKINS AVE,YATES AVE,NA,NA,NA,NA,NA,NA,NA,NA,NA,NA,NA,NA,NA,NA,NA,NA,NA,NA,NA,NA,NA,NA,NA,NA,NA,NA,NA,NA,NA,NA,NA,NA,NA,NA,NA,NA,NA,NA,NA,NA,NA,NA,NA,NA,NA,NA,NA,NA,NA,NA,NA,NA,NA,NA,NA,NA,NA,NA,NA,NA
237,GARVEY BLVD,GREENE AVE,LAFAYETTE AVE,LEXINGTON AVE,MARCY AVE,THROOP AVE,TOMPKINS AVE,VAN BUREN,YATES AVE,NA,NA,NA,NA,NA,NA,NA,NA,NA,NA,NA,NA,NA,NA,NA,NA,NA,NA,NA,NA,NA,NA,NA,NA,NA,NA,NA,NA,NA,NA,NA,NA,NA,NA,NA,NA,NA,NA,NA,NA,NA,NA,NA,NA,NA,NA,NA,NA,NA,NA,NA,NA,NA,NA,NA,NA,NA,NA,NA,NA,NA,NA,NA,NA
238,BEDFORD AVE,CLIFTON PL,GREENE AVE,LAFAYETTE AVE,LEXINGTON AVE,MARCY AVE,NOSTRAND AVE,QUINCY,VAN BUREN,NA,NA,NA,NA,NA,NA,NA,NA,NA,NA,NA,NA,NA,NA,NA,NA,NA,NA,NA,NA,NA,NA,NA,NA,NA,NA,NA,NA,NA,NA,NA,NA,NA,NA,NA,NA,NA,NA,NA,NA,NA,NA,NA,NA,NA,NA,NA,NA,NA,NA,NA,NA,NA,NA,NA,NA,NA,NA,NA,NA,NA,NA,NA,NA
239,. MARKS AVE,ATLANTIC AVE,BERGEN,BKLYN AVE,BROOKLYN AVE,BUTLER,CARROLL,CLOVE RD,CROWN,DEAN,DEGRAW,DOUGLASS,EAST PKWY,EMPIRE BLVD,LINCOLN PL,MALBONE,MONTGOMERY,NEW YORK AVE,NOSTRAND AVE,OLD CLOVE RD,PACIFIC,PARK PL,PARK WAY,PRESIDENT,PROSPECT PL,SAINT JOHNS PL,SAINT MARKS AVE,STERLING PL,UNION,NA,NA,NA,NA,NA,NA,NA,NA,NA,NA,NA,NA,NA,NA,NA,NA,NA,NA,NA,NA,NA,NA,NA,NA,NA,NA,NA,NA,NA,NA,NA,NA,NA,NA,NA,NA,NA,NA,NA,NA,NA,NA,NA,NA
240,. MARKS AVE,ATLANTIC AVE,BEDFORD AVE,BEDFORD AVE S,BERGEN,BUTLER,CARROLL,CROWN,DEAN,DEARBORN CT,DEGRAW,DOUGLASS,EAST PKWY,FRANKLIN AVE,LINCOLN PL,MC KEEVER PL,MONTGOMERY,NOSTRAND AVE,OLD CLOVE,PACIFIC,PARK PL,PARK WAY,PRESIDENT,PROSPECT PL,ROGERS AVE,SAINT JOHNS PL,SAINT MARKS AVE,STERLING PL,SULLIVAN PL,UNION,WARREN,NA,NA,NA,NA,NA,NA,NA,NA,NA,NA,NA,NA,NA,NA,NA,NA,NA,NA,NA,NA,NA,NA,NA,NA,NA,NA,NA,NA,NA,NA,NA,NA,NA,NA,NA,NA,NA,NA,NA,NA,NA,NA
241,. MARKS AVE,ALBANY AVE,ATLANTIC AVE,BERGEN,BKLYN AVE,BROOKLYN AVE,BUTLER,CARROLL,CROWN,DEAN,DEGRAW,DOUGLASS,EAST PKWY,EMPIRE BLVD,KINGSTON AVE,LINCOLN PL,MALBONE,MONTGOMERY,PACIFIC,PARK PL,PARK WAY,PRESIDENT,PROSPECT PL,SAINT JOHNS PL,SAINT MARKS AVE,SCHENECTADY AVE,SCHNECTADY AVE,STERLING PL,TROY AVE,UNION,WARREN,NA,NA,NA,NA,NA,NA,NA,NA,NA,NA,NA,NA,NA,NA,NA,NA,NA,NA,NA,NA,NA,NA,NA,NA,NA,NA,NA,NA,NA,NA,NA,NA,NA,NA,NA,NA,NA,NA,NA,NA,NA,NA
242,. MARKS AVE,ATLANTIC AVE,BERGEN,BUFFALO AVE,BUTLER,CARROLL,CROWN,DEAN,DEGRAW,DOUGLASS,EAST PKWY,EMPIRE BLVD,HOPKINSON AVE,HOWARD AVE,LINCOLN PL,MONTGOMERY,MOTHER GASTON BLVD,PACIFIC,PARK PL,PARK WAY,PRESIDENT,PROSPECT PL,RALPH AVE,ROCHESTER AVE,ROCKAWAY AVE,SACKMAN,SAINT JOHNS PL,SAINT MARKS AVE,SARATOGA AVE,SCHENECTADY AVE,SCHNECTADY AVE,STERLING PL,STONE AVE,THOMAS BOYLAND,UNION,UTICA AVE,VANSIDEREN AVE,WARREN,NA,NA,NA,NA,NA,NA,NA,NA,NA,NA,NA,NA,NA,NA,NA,NA,NA,NA,NA,NA,NA,NA,NA,NA,NA,NA,NA,NA,NA,NA,NA,NA,NA,NA,NA
243,GATES AVE,GREENE AVE,JEFFERSON,JEFFERSON AVE,LAFAYETTE AVE,LEXINGTON AVE,MADISON,MALCOLM X BLVD,MONROE,PUTNAM AVE,QUINCY,REID AVE,STUYVESANT AVE,VAN BUREN,NA,NA,NA,NA,NA,NA,NA,NA,NA,NA,NA,NA,NA,NA,NA,NA,NA,NA,NA,NA,NA,NA,NA,NA,NA,NA,NA,NA,NA,NA,NA,NA,NA,NA,NA,NA,NA,NA,NA,NA,NA,NA,NA,NA,NA,NA,NA,NA,NA,NA,NA,NA,NA,NA,NA,NA,NA,NA,NA
244,GARVEY BLVD,GATES AVE,GREENE AVE,HALSEY,HANCOCK,JEFFERSON,JEFFERSON AVE,LAFAYETTE AVE,LEWIS AVE,LEXINGTON AVE,MADISON,MONROE,PUTNAM AVE,QUINCY,STUYVESANT AVE,VAN BUREN,YATES AVE,NA,NA,NA,NA,NA,NA,NA,NA,NA,NA,NA,NA,NA,NA,NA,NA,NA,NA,NA,NA,NA,NA,NA,NA,NA,NA,NA,NA,NA,NA,NA,NA,NA,NA,NA,NA,NA,NA,NA,NA,NA,NA,NA,NA,NA,NA,NA,NA,NA,NA,NA,NA,NA,NA,NA,NA
245,ALBANY AVE,ATLANTIC AVE,BAINBRIDGE,CHAUNCEY,DECATUR,FULTON,GARVEY BLVD,HALSEY,HERKIMER,LEWIS AVE,MACDONOUGH,MACON,MCDONOUGH,SCHENECTADY AVE,SCHNECTADY AVE,STUYVESANT AVE,TROY AVE,YATES AVE,NA,NA,NA,NA,NA,NA,NA,NA,NA,NA,NA,NA,NA,NA,NA,NA,NA,NA,NA,NA,NA,NA,NA,NA,NA,NA,NA,NA,NA,NA,NA,NA,NA,NA,NA,NA,NA,NA,NA,NA,NA,NA,NA,NA,NA,NA,NA,NA,NA,NA,NA,NA,NA,NA,NA
246,BAINBRIDGE,DECATUR,HALSEY,HANCOCK,JEFFERSON,JEFFERSON AVE,MACDONOUGH,MACON,MADISON,MALCOLM X BLVD,MCDONOUGH,PATCHEN AVE,PUTNAM AVE,REID AVE,STUYVESANT AVE,NA,NA,NA,NA,NA,NA,NA,NA,NA,NA,NA,NA,NA,NA,NA,NA,NA,NA,NA,NA,NA,NA,NA,NA,NA,NA,NA,NA,NA,NA,NA,NA,NA,NA,NA,NA,NA,NA,NA,NA,NA,NA,NA,NA,NA,NA,NA,NA,NA,NA,NA,NA,NA,NA,NA,NA,NA,NA
247,ATLANTIC AVE,BAINBRIDGE,BUFFALO AVE,CHAUNCEY,FELLOWS PL,FULTON,HERKIMER,HUNTERFLY PL,HUNTERFLY RD,MALCOLM X BLVD,MARION,PATCHEN AVE,REID AVE,ROCHESTER AVE,SCHENECTADY AVE,SCHNECTADY AVE,STUYVESANT AVE,SUMPTER,SUYDAM PL,UTICA AVE,NA,NA,NA,NA,NA,NA,NA,NA,NA,NA,NA,NA,NA,NA,NA,NA,NA,NA,NA,NA,NA,NA,NA,NA,NA,NA,NA,NA,NA,NA,NA,NA,NA,NA,NA,NA,NA,NA,NA,NA,NA,NA,NA,NA,NA,NA,NA,NA,NA,NA,NA,NA,NA
248,BROADWAY,GATES AVE,GREENE AVE,LAFAYETTE AVE,LEXINGTON AVE,MADISON,MALCOLM X BLVD,MONROE,PATCHEN AVE,QUINCY,RALPH AVE,REID AVE,VAN BUREN,NA,NA,NA,NA,NA,NA,NA,NA,NA,NA,NA,NA,NA,NA,NA,NA,NA,NA,NA,NA,NA,NA,NA,NA,NA,NA,NA,NA,NA,NA,NA,NA,NA,NA,NA,NA,NA,NA,NA,NA,NA,NA,NA,NA,NA,NA,NA,NA,NA,NA,NA,NA,NA,NA,NA,NA,NA,NA,NA,NA
249,BAINBRIDGE,BUFFALO AVE,CHAUNCEY,DECATUR,FULTON,HALSEY,HANCOCK,JEFFERSON,JEFFERSON AVE,MACDONOUGH,MACDOUGAL,MACON,MADISON,MARION,MCDONOUGH,MCDOUGAL,PATCHEN AVE,PUTNAM AVE,RALPH AVE,SUMPTER,NA,NA,NA,NA,NA,NA,NA,NA,NA,NA,NA,NA,NA,NA,NA,NA,NA,NA,NA,NA,NA,NA,NA,NA,NA,NA,NA,NA,NA,NA,NA,NA,NA,NA,NA,NA,NA,NA,NA,NA,NA,NA,NA,NA,NA,NA,NA,NA,NA,NA,NA,NA,NA
250,ABERDEEN,ATLANTIC AVE,BAINBRIDGE,BANCROFT PL,BROADWAY,BUFFALO AVE,CHAUNCEY,COLUMBUS PL,COOPER PL,COVERT,DECATUR,DEWEY PL,ELDERT,FULTON,GATES AVE,GUNTHER PL,HALSEY,HANCOCK,HAVENS PL,HERKIMER,HOPKINSON AVE,HOWARD AVE,HULL,HULL PL,IVY,JACOB,JARDINE PL,JEFFERSON,JEFFERSON AVE,KANE PL,LINDEN,LOUIS PL,MACDONOUGH,MACDOUGAL,MACON,MADISON,MAGNOLIA,MARCONI PL,MARGARETTA,MARION,MCDONOUGH,MCDOUGAL,MONACO PL,MONROE,MOTHER GASTON BLVD,OCEAN PL,OLIVE PL,PALMETTO,PLEASANT PL,PRESCOTT PL,PUTNAM AVE,QUINCY,RADDE PL,RALPH AVE,ROCKAWAY AVE,ROOSEVELT PL,RUSSELL PL,SACKMAN,SARATOGA AVE,SCHAEFFER,SHERLOCK PL,SOMERS,STEWART,STONE AVE,SUMPTER,THOMAS BOYLAND,TRUXTON,VAN VOORHIS,VANDERVEER,VANSIDEREN AVE,VIGELIUS,WILLIAMS PL,WOODBINE
