ED,St1,St2,St3,St4,St5,St6,St7,St8,St9,St10,St11,St12,St13,St14,St15,St16,St17,St18,St19,St20,St21,St22,St23,St24,St25,St26,St27,St28,St29,St30,St31,St32,St33,St34,St35,St36,St37,St38,St39,St40,St41,St42,St43,St44,St45,St46,St47,St48,St49,St50,St51,St52,St53,St54
1,COLUMBIA HTS,CRANBERRY,DOUGHTY,ELIZABETH PL,FULTON,FURMAN,HICKS,MCKENNY,MIDDAGH,POPLAR,VINE,WILLOW,NA,NA,NA,NA,NA,NA,NA,NA,NA,NA,NA,NA,NA,NA,NA,NA,NA,NA,NA,NA,NA,NA,NA,NA,NA,NA,NA,NA,NA,NA,NA,NA,NA,NA,NA,NA,NA,NA,NA,NA,NA,NA
2,CLARK,COLUMBIA HTS,CRANBERRY,FURMAN,HICKS,ORANGE,PIERREPONT,PIERREPONT PIER,PINEAPPLE,WILLOW,NA,NA,NA,NA,NA,NA,NA,NA,NA,NA,NA,NA,NA,NA,NA,NA,NA,NA,NA,NA,NA,NA,NA,NA,NA,NA,NA,NA,NA,NA,NA,NA,NA,NA,NA,NA,NA,NA,NA,NA,NA,NA,NA,NA
3,FURMAN,GRACE CT,HICKS,JORALEMON,MONTAGUE,MONTAGUE TER,PIERREPONT,PIERREPONT PIER,PIERREPONT PL,REMSEN,STATE,WILLOW PL,NA,NA,NA,NA,NA,NA,NA,NA,NA,NA,NA,NA,NA,NA,NA,NA,NA,NA,NA,NA,NA,NA,NA,NA,NA,NA,NA,NA,NA,NA,NA,NA,NA,NA,NA,NA,NA,NA,NA,NA,NA,NA
4,ATLANTIC AVE,COLUMBIA PL,FURMAN,HICKS,JORALEMON,STATE,WILLOW PL,NA,NA,NA,NA,NA,NA,NA,NA,NA,NA,NA,NA,NA,NA,NA,NA,NA,NA,NA,NA,NA,NA,NA,NA,NA,NA,NA,NA,NA,NA,NA,NA,NA,NA,NA,NA,NA,NA,NA,NA,NA,NA,NA,NA,NA,NA,NA
5,CRANBERRY,FULTON,HENRY,HICKS,MIDDAGH,ORANGE,PINEAPPLE,POPLAR,NA,NA,NA,NA,NA,NA,NA,NA,NA,NA,NA,NA,NA,NA,NA,NA,NA,NA,NA,NA,NA,NA,NA,NA,NA,NA,NA,NA,NA,NA,NA,NA,NA,NA,NA,NA,NA,NA,NA,NA,NA,NA,NA,NA,NA,NA
6,CADMAN W PLZ,CLARK,CLINTON,COLLEGE PL,FULTON,HENRY,HICKS,LOVE LN,MONROE PL,MONTAGUE,PIERREPONT PIER,PINEAPPLE,NA,NA,NA,NA,NA,NA,NA,NA,NA,NA,NA,NA,NA,NA,NA,NA,NA,NA,NA,NA,NA,NA,NA,NA,NA,NA,NA,NA,NA,NA,NA,NA,NA,NA,NA,NA,NA,NA,NA,NA,NA,NA
7,ATLANTIC AVE,BOERUM PL,CADMAN W PLZ,CLINTON,CT,CT SQ,FULTON,JORALEMON,LIVINGSTON,MONTAGUE,REMSEN,SCHERMERHORN,STATE,WILLOUGHBY,NA,NA,NA,NA,NA,NA,NA,NA,NA,NA,NA,NA,NA,NA,NA,NA,NA,NA,NA,NA,NA,NA,NA,NA,NA,NA,NA,NA,NA,NA,NA,NA,NA,NA,NA,NA,NA,NA,NA,NA
8,ATLANTIC AVE,CLINTON,HENRY,HUNTS ALY,JORALEMON,LIVINGSTON,MONTAGUE,REMSEN,SIDNEY,STATE,NA,NA,NA,NA,NA,NA,NA,NA,NA,NA,NA,NA,NA,NA,NA,NA,NA,NA,NA,NA,NA,NA,NA,NA,NA,NA,NA,NA,NA,NA,NA,NA,NA,NA,NA,NA,NA,NA,NA,NA,NA,NA,NA,NA
9,ATLANTIC AVE,GARDEN PL,GRACE CT ALY,HENRY,HICKS,JORALEMON,MONTAGUE,REMSEN,STATE,NA,NA,NA,NA,NA,NA,NA,NA,NA,NA,NA,NA,NA,NA,NA,NA,NA,NA,NA,NA,NA,NA,NA,NA,NA,NA,NA,NA,NA,NA,NA,NA,NA,NA,NA,NA,NA,NA,NA,NA,NA,NA,NA,NA,NA
10,DOCK,FLINT,FRONT,FULTON,GARRISON,MAIN,MERGEIN,PLYMOUTH,PROSPECT,SANDS,WASHINGTON,WATER,YORK,NA,NA,NA,NA,NA,NA,NA,NA,NA,NA,NA,NA,NA,NA,NA,NA,NA,NA,NA,NA,NA,NA,NA,NA,NA,NA,NA,NA,NA,NA,NA,NA,NA,NA,NA,NA,NA,NA,NA,NA,NA
11,ADAMS,ALY,FLEET ALY,FLINT,FRONT,MAIN,PLYMOUTH,PROSPECT,SANDS,STEWARTS ALY,WASHINGTON,WATER,YORK,NA,NA,NA,NA,NA,NA,NA,NA,NA,NA,NA,NA,NA,NA,NA,NA,NA,NA,NA,NA,NA,NA,NA,NA,NA,NA,NA,NA,NA,NA,NA,NA,NA,NA,NA,NA,NA,NA,NA,NA,NA
12,ADAMS,FRANKLIN PL,FRONT,JAY,JOHN,PEARL,PLYMOUTH,PROSPECT,SANDS,WASHINGTON,WATER,YORK,NA,NA,NA,NA,NA,NA,NA,NA,NA,NA,NA,NA,NA,NA,NA,NA,NA,NA,NA,NA,NA,NA,NA,NA,NA,NA,NA,NA,NA,NA,NA,NA,NA,NA,NA,NA,NA,NA,NA,NA,NA,NA
13,BRG,FRONT,JAY,JOHN,PHILLIPS ALY,PLYMOUTH,PROSPECT,SANDS,TALMAN,WATER,YORK,NA,NA,NA,NA,NA,NA,NA,NA,NA,NA,NA,NA,NA,NA,NA,NA,NA,NA,NA,NA,NA,NA,NA,NA,NA,NA,NA,NA,NA,NA,NA,NA,NA,NA,NA,NA,NA,NA,NA,NA,NA,NA,NA
14,ATLANTIC AVE,BOERUM PL,CT SQ,FULTON,GALLATIN PL,HOYT,LIVINGSTON,RED HOOK LN,SCHERMERHORN,SMITH,STATE,NA,NA,NA,NA,NA,NA,NA,NA,NA,NA,NA,NA,NA,NA,NA,NA,NA,NA,NA,NA,NA,NA,NA,NA,NA,NA,NA,NA,NA,NA,NA,NA,NA,NA,NA,NA,NA,NA,NA,NA,NA,NA,NA
15,3 AVE,BOND,DE KALB AVE,ELM PL,FLATBUSH AVE,FULTON,GOLD,GROVE PL,HANOVER PL,HOYT,LIVINGSTON,NEVINS,SCHERMERHORN,STATE,NA,NA,NA,NA,NA,NA,NA,NA,NA,NA,NA,NA,NA,NA,NA,NA,NA,NA,NA,NA,NA,NA,NA,NA,NA,NA,NA,NA,NA,NA,NA,NA,NA,NA,NA,NA,NA,NA,NA,NA
16,3 AVE,4 AVE,ATLANTIC AVE,FLATBUSH AVE,NEVINS,PACIFIC,STATE,NA,NA,NA,NA,NA,NA,NA,NA,NA,NA,NA,NA,NA,NA,NA,NA,NA,NA,NA,NA,NA,NA,NA,NA,NA,NA,NA,NA,NA,NA,NA,NA,NA,NA,NA,NA,NA,NA,NA,NA,NA,NA,NA,NA,NA,NA,NA
17,3 AVE,4 AVE,BERGEN,DEAN,NEVINS,PACIFIC,NA,NA,NA,NA,NA,NA,NA,NA,NA,NA,NA,NA,NA,NA,NA,NA,NA,NA,NA,NA,NA,NA,NA,NA,NA,NA,NA,NA,NA,NA,NA,NA,NA,NA,NA,NA,NA,NA,NA,NA,NA,NA,NA,NA,NA,NA,NA,NA
18,ATLANTIC AVE,BERGEN,BOND,DEAN,HOYT,NEVINS,PACIFIC,SCHERMERHORN,STATE,NA,NA,NA,NA,NA,NA,NA,NA,NA,NA,NA,NA,NA,NA,NA,NA,NA,NA,NA,NA,NA,NA,NA,NA,NA,NA,NA,NA,NA,NA,NA,NA,NA,NA,NA,NA,NA,NA,NA,NA,NA,NA,NA,NA,NA
19,ATLANTIC AVE,BERGEN,BOND,DEAN,HOYT,PACIFIC,SMITH,NA,NA,NA,NA,NA,NA,NA,NA,NA,NA,NA,NA,NA,NA,NA,NA,NA,NA,NA,NA,NA,NA,NA,NA,NA,NA,NA,NA,NA,NA,NA,NA,NA,NA,NA,NA,NA,NA,NA,NA,NA,NA,NA,NA,NA,NA,NA
20,ATLANTIC AVE,BERGEN,BOERUM PL,CT,DEAN,PACIFIC,SMITH,NA,NA,NA,NA,NA,NA,NA,NA,NA,NA,NA,NA,NA,NA,NA,NA,NA,NA,NA,NA,NA,NA,NA,NA,NA,NA,NA,NA,NA,NA,NA,NA,NA,NA,NA,NA,NA,NA,NA,NA,NA,NA,NA,NA,NA,NA,NA
21,ADAMS,BRG,CONCORD,GOTHIC ALY,HIGH,JAY,NASSAU,PEARL,SANDS,NA,NA,NA,NA,NA,NA,NA,NA,NA,NA,NA,NA,NA,NA,NA,NA,NA,NA,NA,NA,NA,NA,NA,NA,NA,NA,NA,NA,NA,NA,NA,NA,NA,NA,NA,NA,NA,NA,NA,NA,NA,NA,NA,NA,NA
22,ADAMS,BRG,CHAPEL,CONCORD,HARPERS CT,JAY,LAWRENCE,LAWRENCE ALY,LAWRENCE PL,NUTRIA ALY,PEARL,STRYKERS ALY,TILLARY,WASHINGTON,NA,NA,NA,NA,NA,NA,NA,NA,NA,NA,NA,NA,NA,NA,NA,NA,NA,NA,NA,NA,NA,NA,NA,NA,NA,NA,NA,NA,NA,NA,NA,NA,NA,NA,NA,NA,NA,NA,NA,NA
23,ADAMS,BRG,FLOODS ALY,FULTON,JAY,JOHNSON,LAWRENCE,MYRTLE AVE,PEARL,WASHINGTON,NA,NA,NA,NA,NA,NA,NA,NA,NA,NA,NA,NA,NA,NA,NA,NA,NA,NA,NA,NA,NA,NA,NA,NA,NA,NA,NA,NA,NA,NA,NA,NA,NA,NA,NA,NA,NA,NA,NA,NA,NA,NA,NA,NA
24,ADAMS,BRG,JAY,JOHNSON,LAWRENCE,PEARL,TILLARY,WASHINGTON,NA,NA,NA,NA,NA,NA,NA,NA,NA,NA,NA,NA,NA,NA,NA,NA,NA,NA,NA,NA,NA,NA,NA,NA,NA,NA,NA,NA,NA,NA,NA,NA,NA,NA,NA,NA,NA,NA,NA,NA,NA,NA,NA,NA,NA,NA
25,ADAMS,BRG,FULTON,JAY,LAWRENCE,MYRTLE AVE,PEARL,UNION LN,WILLOUGHBY,NA,NA,NA,NA,NA,NA,NA,NA,NA,NA,NA,NA,NA,NA,NA,NA,NA,NA,NA,NA,NA,NA,NA,NA,NA,NA,NA,NA,NA,NA,NA,NA,NA,NA,NA,NA,NA,NA,NA,NA,NA,NA,NA,NA,NA
26,ADAMS,ALY,CONCORD,FULTON,HIGH,JOHNSON,LIBERTY,MUMBY ALY,NASSAU,NAYLORS ALY,PRAGUES ALY,SANDS,SNELLS ALY,TILLARY,WASHINGTON,NA,NA,NA,NA,NA,NA,NA,NA,NA,NA,NA,NA,NA,NA,NA,NA,NA,NA,NA,NA,NA,NA,NA,NA,NA,NA,NA,NA,NA,NA,NA,NA,NA,NA,NA,NA,NA,NA,NA
27,BRG,GOLD,HUDSON AVE,JOHN,MARSHALL,PLYMOUTH,NA,NA,NA,NA,NA,NA,NA,NA,NA,NA,NA,NA,NA,NA,NA,NA,NA,NA,NA,NA,NA,NA,NA,NA,NA,NA,NA,NA,NA,NA,NA,NA,NA,NA,NA,NA,NA,NA,NA,NA,NA,NA,NA,NA,NA,NA,NA,NA
28,BRG,EVANS,FRONT,GOLD,HARRISON ALY,HUDSON AVE,PLYMOUTH,WATER,NA,NA,NA,NA,NA,NA,NA,NA,NA,NA,NA,NA,NA,NA,NA,NA,NA,NA,NA,NA,NA,NA,NA,NA,NA,NA,NA,NA,NA,NA,NA,NA,NA,NA,NA,NA,NA,NA,NA,NA,NA,NA,NA,NA,NA,NA
29,BRG,CHARLES,FRONT,GOLD,HIGH,MACK PL,NASSAU,PROSPECT,SANDS,TALMAN,YORK,NA,NA,NA,NA,NA,NA,NA,NA,NA,NA,NA,NA,NA,NA,NA,NA,NA,NA,NA,NA,NA,NA,NA,NA,NA,NA,NA,NA,NA,NA,NA,NA,NA,NA,NA,NA,NA,NA,NA,NA,NA,NA,NA
30,ALY,CORNELLS ALY,DIXONS ALY,FRONT,GOLD,GREEN LN,HUDSON AVE,PROSPECT,SANDS,YORK,NA,NA,NA,NA,NA,NA,NA,NA,NA,NA,NA,NA,NA,NA,NA,NA,NA,NA,NA,NA,NA,NA,NA,NA,NA,NA,NA,NA,NA,NA,NA,NA,NA,NA,NA,NA,NA,NA,NA,NA,NA,NA,NA,NA
31,CONCORD,FLUSHING AVE,GOLD,HIGH,HUDSON AVE,NASSAU,NASSAU PL,NAVY,OLD BRG RD,SANDS,SMITHS ALY,NA,NA,NA,NA,NA,NA,NA,NA,NA,NA,NA,NA,NA,NA,NA,NA,NA,NA,NA,NA,NA,NA,NA,NA,NA,NA,NA,NA,NA,NA,NA,NA,NA,NA,NA,NA,NA,NA,NA,NA,NA,NA,NA
32,BRG,CONCORD,DUFFIELD,GOLD,JOHNSON,NASSAU,TILLARY,NA,NA,NA,NA,NA,NA,NA,NA,NA,NA,NA,NA,NA,NA,NA,NA,NA,NA,NA,NA,NA,NA,NA,NA,NA,NA,NA,NA,NA,NA,NA,NA,NA,NA,NA,NA,NA,NA,NA,NA,NA,NA,NA,NA,NA,NA,NA
33,FLEET PL,GOLD,HUDSON AVE,JOHNSON,NAVY,PRINCE,TILLARY,NA,NA,NA,NA,NA,NA,NA,NA,NA,NA,NA,NA,NA,NA,NA,NA,NA,NA,NA,NA,NA,NA,NA,NA,NA,NA,NA,NA,NA,NA,NA,NA,NA,NA,NA,NA,NA,NA,NA,NA,NA,NA,NA,NA,NA,NA,NA
34,CONCORD,GOLD,HUDSON AVE,NAVY,PARK AVE,PRINCE,TILLARY,NA,NA,NA,NA,NA,NA,NA,NA,NA,NA,NA,NA,NA,NA,NA,NA,NA,NA,NA,NA,NA,NA,NA,NA,NA,NA,NA,NA,NA,NA,NA,NA,NA,NA,NA,NA,NA,NA,NA,NA,NA,NA,NA,NA,NA,NA,NA
35,AMITY,ATLANTIC AVE,CLINTON,COLUMBIA,CT,EMMET,EMMETT ST,HENRY,HICKS,PACIFIC,NA,NA,NA,NA,NA,NA,NA,NA,NA,NA,NA,NA,NA,NA,NA,NA,NA,NA,NA,NA,NA,NA,NA,NA,NA,NA,NA,NA,NA,NA,NA,NA,NA,NA,NA,NA,NA,NA,NA,NA,NA,NA,NA,NA
36,AMITY,CLINTON,COLUMBIA,CONGRESS,CT,HENRY,HICKS,PACIFIC,NA,NA,NA,NA,NA,NA,NA,NA,NA,NA,NA,NA,NA,NA,NA,NA,NA,NA,NA,NA,NA,NA,NA,NA,NA,NA,NA,NA,NA,NA,NA,NA,NA,NA,NA,NA,NA,NA,NA,NA,NA,NA,NA,NA,NA,NA
37,BALTIC,BALTIC EXT,CLINTON,COLUMBIA,CONGRESS,CT,HENRY,HICKS,VERANDA PL,WARREN,WARREN PL,WARREN ST,NA,NA,NA,NA,NA,NA,NA,NA,NA,NA,NA,NA,NA,NA,NA,NA,NA,NA,NA,NA,NA,NA,NA,NA,NA,NA,NA,NA,NA,NA,NA,NA,NA,NA,NA,NA,NA,NA,NA,NA,NA,NA
38,BALTIC,CHEEVER PL,CLINTON,CT,DEGRAW,HARRISON,HENRY,HICKS,STRONG PL,TOMPKINS PL,NA,NA,NA,NA,NA,NA,NA,NA,NA,NA,NA,NA,NA,NA,NA,NA,NA,NA,NA,NA,NA,NA,NA,NA,NA,NA,NA,NA,NA,NA,NA,NA,NA,NA,NA,NA,NA,NA,NA,NA,NA,NA,NA,NA
39,BALTIC,BALTIC EXT,COLUMBIA,DEGRAW,HARRISON,HENRY,HICKS,IRVING,SEDGEWICK,TIFFANY PL,VAN BRUNT,VAN BRUNT ST,NA,NA,NA,NA,NA,NA,NA,NA,NA,NA,NA,NA,NA,NA,NA,NA,NA,NA,NA,NA,NA,NA,NA,NA,NA,NA,NA,NA,NA,NA,NA,NA,NA,NA,NA,NA,NA,NA,NA,NA,NA,NA
40,CLINTON,COLUMBIA,CT,DEGRAW,FERRY PL,HENRY,HICKS,SACKETT,SEDGEWICK,VAN BRUNT,NA,NA,NA,NA,NA,NA,NA,NA,NA,NA,NA,NA,NA,NA,NA,NA,NA,NA,NA,NA,NA,NA,NA,NA,NA,NA,NA,NA,NA,NA,NA,NA,NA,NA,NA,NA,NA,NA,NA,NA,NA,NA,NA,NA
41,CLINTON,COLUMBIA,CT,FERRY PL,HAMILTON AVE,HENRY,HICKS,PRESIDENT,SACKETT,UNION,VAN BRUNT,NA,NA,NA,NA,NA,NA,NA,NA,NA,NA,NA,NA,NA,NA,NA,NA,NA,NA,NA,NA,NA,NA,NA,NA,NA,NA,NA,NA,NA,NA,NA,NA,NA,NA,NA,NA,NA,NA,NA,NA,NA,NA,NA
42,CARROLL,COLUMBIA,HAMILTON AVE,HICKS,PRESIDENT,UNION,VAN BRUNT,NA,NA,NA,NA,NA,NA,NA,NA,NA,NA,NA,NA,NA,NA,NA,NA,NA,NA,NA,NA,NA,NA,NA,NA,NA,NA,NA,NA,NA,NA,NA,NA,NA,NA,NA,NA,NA,NA,NA,NA,NA,NA,NA,NA,NA,NA,NA
43,CARROLL,COLUMBIA,HAMILTON AVE,HENRY,HICKS,PRESIDENT,SUMMIT,VAN BRUNT,WOODHULL,NA,NA,NA,NA,NA,NA,NA,NA,NA,NA,NA,NA,NA,NA,NA,NA,NA,NA,NA,NA,NA,NA,NA,NA,NA,NA,NA,NA,NA,NA,NA,NA,NA,NA,NA,NA,NA,NA,NA,NA,NA,NA,NA,NA,NA
44,1 PL,2 PL,3 PL,CARROLL,CLINTON,CT,HENRY,PRESIDENT,NA,NA,NA,NA,NA,NA,NA,NA,NA,NA,NA,NA,NA,NA,NA,NA,NA,NA,NA,NA,NA,NA,NA,NA,NA,NA,NA,NA,NA,NA,NA,NA,NA,NA,NA,NA,NA,NA,NA,NA,NA,NA,NA,NA,NA,NA
45,3 PL,4 PL,CLINTON,COLUMBIA,CT,HAMILTON AVE,HENRY,HICKS,MANHASSET,RAPELYE,SUMMIT,WOODHULL,NA,NA,NA,NA,NA,NA,NA,NA,NA,NA,NA,NA,NA,NA,NA,NA,NA,NA,NA,NA,NA,NA,NA,NA,NA,NA,NA,NA,NA,NA,NA,NA,NA,NA,NA,NA,NA,NA,NA,NA,NA,NA
46,BEDFORD AVE,FLUSHING AVE,FRANKLIN AVE,GRAHAM,GRAHAM AVE,KENT AVE,LITTLE NASSAU,MYRTLE AVE,PARK AVE,SKILLMAN,NA,NA,NA,NA,NA,NA,NA,NA,NA,NA,NA,NA,NA,NA,NA,NA,NA,NA,NA,NA,NA,NA,NA,NA,NA,NA,NA,NA,NA,NA,NA,NA,NA,NA,NA,NA,NA,NA,NA,NA,NA,NA,NA,NA
47,CLASSON AVE,FLUSHING AVE,GRAHAM,GRAHAM AVE,GRAND AVE,MYRTLE AVE,PARK AVE,RYERSON,RYERSON WALK,SCHENCK,STEUBEN,NA,NA,NA,NA,NA,NA,NA,NA,NA,NA,NA,NA,NA,NA,NA,NA,NA,NA,NA,NA,NA,NA,NA,NA,NA,NA,NA,NA,NA,NA,NA,NA,NA,NA,NA,NA,NA,NA,NA,NA,NA,NA,NA
48,FLUSHING AVE,HALL,MYRTLE AVE,PARK AVE,RYERSON,RYERSON WALK,WASHINGTON AVE,NA,NA,NA,NA,NA,NA,NA,NA,NA,NA,NA,NA,NA,NA,NA,NA,NA,NA,NA,NA,NA,NA,NA,NA,NA,NA,NA,NA,NA,NA,NA,NA,NA,NA,NA,NA,NA,NA,NA,NA,NA,NA,NA,NA,NA,NA,NA
49,DE KALB AVE,HALL,JAMESS PL,LAFAYETTE AVE,MYRTLE AVE,RYERSON,RYERSON WALK,WASHINGTON AVE,WILLOUGHBY AVE,NA,NA,NA,NA,NA,NA,NA,NA,NA,NA,NA,NA,NA,NA,NA,NA,NA,NA,NA,NA,NA,NA,NA,NA,NA,NA,NA,NA,NA,NA,NA,NA,NA,NA,NA,NA,NA,NA,NA,NA,NA,NA,NA,NA,NA
50,CLASSON AVE,DE KALB AVE,EMERSON PL,GRAHAM,GRAND AVE,KENT AVE,MYRTLE AVE,RYERSON,RYERSON WALK,SCHENCK,STEUBEN,WILLOUGHBY AVE,NA,NA,NA,NA,NA,NA,NA,NA,NA,NA,NA,NA,NA,NA,NA,NA,NA,NA,NA,NA,NA,NA,NA,NA,NA,NA,NA,NA,NA,NA,NA,NA,NA,NA,NA,NA,NA,NA,NA,NA,NA,NA
51,BEDFORD AVE,DE KALB AVE,FRANKLIN AVE,KENT AVE,MYRTLE AVE,PARK AVE,SKILLMAN,WILLOUGHBY AVE,NA,NA,NA,NA,NA,NA,NA,NA,NA,NA,NA,NA,NA,NA,NA,NA,NA,NA,NA,NA,NA,NA,NA,NA,NA,NA,NA,NA,NA,NA,NA,NA,NA,NA,NA,NA,NA,NA,NA,NA,NA,NA,NA,NA,NA,NA
52,BEDFORD AVE,CLASSON AVE,DE KALB AVE,FRANKLIN AVE,GRAHAM,KENT AVE,KOSCIUSKO PL,LAFAYETTE AVE,SKILLMAN,WILLOUGHBY AVE,NA,NA,NA,NA,NA,NA,NA,NA,NA,NA,NA,NA,NA,NA,NA,NA,NA,NA,NA,NA,NA,NA,NA,NA,NA,NA,NA,NA,NA,NA,NA,NA,NA,NA,NA,NA,NA,NA,NA,NA,NA,NA,NA,NA
53,CLASSON AVE,DE KALB AVE,GRAND AVE,LAFAYETTE AVE,RYERSON,SCHENCK,STEUBEN,NA,NA,NA,NA,NA,NA,NA,NA,NA,NA,NA,NA,NA,NA,NA,NA,NA,NA,NA,NA,NA,NA,NA,NA,NA,NA,NA,NA,NA,NA,NA,NA,NA,NA,NA,NA,NA,NA,NA,NA,NA,NA,NA,NA,NA,NA,NA
54,BEDFORD AVE,CLASSON AVE,FRANKLIN AVE,GRAND AVE,GREENE AVE,LAFAYETTE AVE,LEXINGTON AVE,VAN BUREN,NA,NA,NA,NA,NA,NA,NA,NA,NA,NA,NA,NA,NA,NA,NA,NA,NA,NA,NA,NA,NA,NA,NA,NA,NA,NA,NA,NA,NA,NA,NA,NA,NA,NA,NA,NA,NA,NA,NA,NA,NA,NA,NA,NA,NA,NA
55,BEDFORD AVE,CLASSON AVE,DOWNING,FRANKLIN AVE,GATES AVE,GRAND AVE,LEXINGTON AVE,QUINCY,NA,NA,NA,NA,NA,NA,NA,NA,NA,NA,NA,NA,NA,NA,NA,NA,NA,NA,NA,NA,NA,NA,NA,NA,NA,NA,NA,NA,NA,NA,NA,NA,NA,NA,NA,NA,NA,NA,NA,NA,NA,NA,NA,NA,NA,NA
56,BEDFORD AVE,CLASSON AVE,DOWNING,FRANKLIN AVE,GATES AVE,GRAND AVE,IRVING PL,MADISON,MONROE,PUTNAM AVE,NA,NA,NA,NA,NA,NA,NA,NA,NA,NA,NA,NA,NA,NA,NA,NA,NA,NA,NA,NA,NA,NA,NA,NA,NA,NA,NA,NA,NA,NA,NA,NA,NA,NA,NA,NA,NA,NA,NA,NA,NA,NA,NA,NA
57,BEDFORD AVE,BEDFORD PL,BREVOORT PL,CLASSON AVE,DOWNING,FRANKLIN AVE,FULTON,GRAND AVE,HANCOCK,IRVING PL,JEFFERSON AVE,LEFFERTS PL,ORMOND PL,PUTNAM AVE,SPENCER PL,NA,NA,NA,NA,NA,NA,NA,NA,NA,NA,NA,NA,NA,NA,NA,NA,NA,NA,NA,NA,NA,NA,NA,NA,NA,NA,NA,NA,NA,NA,NA,NA,NA,NA,NA,NA,NA,NA,NA
58,CAMBRIDGE PL,GATES AVE,GRAND AVE,GREENE AVE,JAMESS PL,LAFAYETTE AVE,VAN BUREN,WASHINGTON AVE,NA,NA,NA,NA,NA,NA,NA,NA,NA,NA,NA,NA,NA,NA,NA,NA,NA,NA,NA,NA,NA,NA,NA,NA,NA,NA,NA,NA,NA,NA,NA,NA,NA,NA,NA,NA,NA,NA,NA,NA,NA,NA,NA,NA,NA,NA
59,CAMBRIDGE PL,FULTON,GATES AVE,GRAND AVE,JAMESS PL,LEFFERTS PL,PUTNAM AVE,WASHINGTON AVE,NA,NA,NA,NA,NA,NA,NA,NA,NA,NA,NA,NA,NA,NA,NA,NA,NA,NA,NA,NA,NA,NA,NA,NA,NA,NA,NA,NA,NA,NA,NA,NA,NA,NA,NA,NA,NA,NA,NA,NA,NA,NA,NA,NA,NA,NA
60,17,18,2 AVE,3 AVE,4 AVE,5 AVE,HAMILTON AVE,PROSPECT AVE,NA,NA,NA,NA,NA,NA,NA,NA,NA,NA,NA,NA,NA,NA,NA,NA,NA,NA,NA,NA,NA,NA,NA,NA,NA,NA,NA,NA,NA,NA,NA,NA,NA,NA,NA,NA,NA,NA,NA,NA,NA,NA,NA,NA,NA,NA
61,18,19,2 AVE,20,3 AVE,4 AVE,5 AVE,NA,NA,NA,NA,NA,NA,NA,NA,NA,NA,NA,NA,NA,NA,NA,NA,NA,NA,NA,NA,NA,NA,NA,NA,NA,NA,NA,NA,NA,NA,NA,NA,NA,NA,NA,NA,NA,NA,NA,NA,NA,NA,NA,NA,NA,NA,NA
62,17,18,19,20,21,22,23,5 AVE,6 AVE,PROSPECT AVE,NA,NA,NA,NA,NA,NA,NA,NA,NA,NA,NA,NA,NA,NA,NA,NA,NA,NA,NA,NA,NA,NA,NA,NA,NA,NA,NA,NA,NA,NA,NA,NA,NA,NA,NA,NA,NA,NA,NA,NA,NA,NA,NA,NA
63,10 AVE,11 AVE,17,18,19,20,21,22,6 AVE,7 AVE,8 AVE,9 AVE,GRAVESEND,PROSPECT AVE,NA,NA,NA,NA,NA,NA,NA,NA,NA,NA,NA,NA,NA,NA,NA,NA,NA,NA,NA,NA,NA,NA,NA,NA,NA,NA,NA,NA,NA,NA,NA,NA,NA,NA,NA,NA,NA,NA,NA,NA
64,20,21,22,23,4 AVE,5 AVE,NA,NA,NA,NA,NA,NA,NA,NA,NA,NA,NA,NA,NA,NA,NA,NA,NA,NA,NA,NA,NA,NA,NA,NA,NA,NA,NA,NA,NA,NA,NA,NA,NA,NA,NA,NA,NA,NA,NA,NA,NA,NA,NA,NA,NA,NA,NA,NA
65,2 AVE,20,21,22,23,3 AVE,4 AVE,NA,NA,NA,NA,NA,NA,NA,NA,NA,NA,NA,NA,NA,NA,NA,NA,NA,NA,NA,NA,NA,NA,NA,NA,NA,NA,NA,NA,NA,NA,NA,NA,NA,NA,NA,NA,NA,NA,NA,NA,NA,NA,NA,NA,NA,NA,NA
66,2 AVE,23,24,25,26,27,28,29,3 AVE,30,31,32,33,34,35,4 AVE,5 AVE,NA,NA,NA,NA,NA,NA,NA,NA,NA,NA,NA,NA,NA,NA,NA,NA,NA,NA,NA,NA,NA,NA,NA,NA,NA,NA,NA,NA,NA,NA,NA,NA,NA,NA,NA,NA,NA
67,1 AVE,2 AVE,3 AVE,35,36,37,38,39,4 AVE,40,41,42,43,5 AVE,6 AVE,7 AVE,8 AVE,NA,NA,NA,NA,NA,NA,NA,NA,NA,NA,NA,NA,NA,NA,NA,NA,NA,NA,NA,NA,NA,NA,NA,NA,NA,NA,NA,NA,NA,NA,NA,NA,NA,NA,NA,NA,NA
68,1 AVE,2 AVE,3 AVE,4 AVE,43,44,45,46,47,48,49,5 AVE,50,51,52,53,54,55,56,57,58,59,6 AVE,7 AVE,8 AVE,NA,NA,NA,NA,NA,NA,NA,NA,NA,NA,NA,NA,NA,NA,NA,NA,NA,NA,NA,NA,NA,NA,NA,NA,NA,NA,NA,NA,NA
69,5 AVE,6 AVE,ATLANTIC AVE,CARLTON AVE,DEAN,FLATBUSH AVE,PACIFIC,VANDERBILT AVE,NA,NA,NA,NA,NA,NA,NA,NA,NA,NA,NA,NA,NA,NA,NA,NA,NA,NA,NA,NA,NA,NA,NA,NA,NA,NA,NA,NA,NA,NA,NA,NA,NA,NA,NA,NA,NA,NA,NA,NA,NA,NA,NA,NA,NA,NA
70,6 AVE,BERGEN,CARLTON AVE,DEAN,FLATBUSH AVE,PARK PL,PROSPECT PL,SAINT MARKS AVE,NA,NA,NA,NA,NA,NA,NA,NA,NA,NA,NA,NA,NA,NA,NA,NA,NA,NA,NA,NA,NA,NA,NA,NA,NA,NA,NA,NA,NA,NA,NA,NA,NA,NA,NA,NA,NA,NA,NA,NA,NA,NA,NA,NA,NA,NA
71,BERGEN,BUTLER,BUTLER PL,CARLTON AVE,CARROLL,CLASSON AVE,CROWN,DEAN,DEGRAW,DOUGLASS,E PLZ,EAST PKWY,FLATBUSH AVE,GRAND AVE,PARK PL,PRESIDENT,PROSPECT PL,RESERVOIR,SAINT MARKS AVE,UNDERHILL AVE,UNDERHILL PL,UNION,VANDERBILT AVE,WASHINGTON AVE,NA,NA,NA,NA,NA,NA,NA,NA,NA,NA,NA,NA,NA,NA,NA,NA,NA,NA,NA,NA,NA,NA,NA,NA,NA,NA,NA,NA,NA,NA
72,BERGEN,DEAN,GRAND AVE,PACIFIC,UNDERHILL AVE,VANDERBILT AVE,WASHINGTON AVE,NA,NA,NA,NA,NA,NA,NA,NA,NA,NA,NA,NA,NA,NA,NA,NA,NA,NA,NA,NA,NA,NA,NA,NA,NA,NA,NA,NA,NA,NA,NA,NA,NA,NA,NA,NA,NA,NA,NA,NA,NA,NA,NA,NA,NA,NA,NA
73,BERGEN,CLASSON AVE,DEAN,GRAND AVE,PACIFIC,PROSPECT PL,SAINT MARKS AVE,NA,NA,NA,NA,NA,NA,NA,NA,NA,NA,NA,NA,NA,NA,NA,NA,NA,NA,NA,NA,NA,NA,NA,NA,NA,NA,NA,NA,NA,NA,NA,NA,NA,NA,NA,NA,NA,NA,NA,NA,NA,NA,NA,NA,NA,NA,NA
74,BERGEN,DEAN,GRAND AVE,PACIFIC,PARK PL,S. PROSPECT PL,SAINT MARKS AVE,WASHINGTON AVE,NA,NA,NA,NA,NA,NA,NA,NA,NA,NA,NA,NA,NA,NA,NA,NA,NA,NA,NA,NA,NA,NA,NA,NA,NA,NA,NA,NA,NA,NA,NA,NA,NA,NA,NA,NA,NA,NA,NA,NA,NA,NA,NA,NA,NA,NA
75,BERGEN,BUTLER,CARROLL,CLASSON AVE,CROWN,DEAN,DEGRAW,DOUGLASS,EAST PKWY,FRANKLIN AVE,GRAND AVE,MONTGOMERY,PACIFIC,PARK PL,PRESIDENT,PROSPECT PL,SAINT MARKS AVE,UNION,WASHINGTON AVE,NA,NA,NA,NA,NA,NA,NA,NA,NA,NA,NA,NA,NA,NA,NA,NA,NA,NA,NA,NA,NA,NA,NA,NA,NA,NA,NA,NA,NA,NA,NA,NA,NA,NA,NA
76,BERGEN,CT,HOYT,SMITH,WARREN,WYCKOFF,NA,NA,NA,NA,NA,NA,NA,NA,NA,NA,NA,NA,NA,NA,NA,NA,NA,NA,NA,NA,NA,NA,NA,NA,NA,NA,NA,NA,NA,NA,NA,NA,NA,NA,NA,NA,NA,NA,NA,NA,NA,NA,NA,NA,NA,NA,NA,NA
77,BALTIC,BERGEN,BOND,HOYT,NEVINS,WARREN,WYCKOFF,NA,NA,NA,NA,NA,NA,NA,NA,NA,NA,NA,NA,NA,NA,NA,NA,NA,NA,NA,NA,NA,NA,NA,NA,NA,NA,NA,NA,NA,NA,NA,NA,NA,NA,NA,NA,NA,NA,NA,NA,NA,NA,NA,NA,NA,NA,NA
78,3 AVE,4 AVE,BALTIC,BERGEN,NEVINS,SAINT MARKS PL,WARREN,WYCKOFF,NA,NA,NA,NA,NA,NA,NA,NA,NA,NA,NA,NA,NA,NA,NA,NA,NA,NA,NA,NA,NA,NA,NA,NA,NA,NA,NA,NA,NA,NA,NA,NA,NA,NA,NA,NA,NA,NA,NA,NA,NA,NA,NA,NA,NA,NA
79,1,3 AVE,4 AVE,BALTIC,BUTLER,CARROLL,DEGRAW,DENTON PL,DOUGLAS,NEVINS,PRESIDENT,SACKETT,UNION,WHITWELL PL,NA,NA,NA,NA,NA,NA,NA,NA,NA,NA,NA,NA,NA,NA,NA,NA,NA,NA,NA,NA,NA,NA,NA,NA,NA,NA,NA,NA,NA,NA,NA,NA,NA,NA,NA,NA,NA,NA,NA,NA
80,BALTIC,BOND,BUTLER,CT,HOYT,SMITH,WARREN,NA,NA,NA,NA,NA,NA,NA,NA,NA,NA,NA,NA,NA,NA,NA,NA,NA,NA,NA,NA,NA,NA,NA,NA,NA,NA,NA,NA,NA,NA,NA,NA,NA,NA,NA,NA,NA,NA,NA,NA,NA,NA,NA,NA,NA,NA,NA
81,BUTLER,CT,DEGRAW,DOUGLAS,HOYT,SACKETT,SMITH,NA,NA,NA,NA,NA,NA,NA,NA,NA,NA,NA,NA,NA,NA,NA,NA,NA,NA,NA,NA,NA,NA,NA,NA,NA,NA,NA,NA,NA,NA,NA,NA,NA,NA,NA,NA,NA,NA,NA,NA,NA,NA,NA,NA,NA,NA,NA
82,CT,DEGRAW,HOYT,PRESIDENT,SACKETT,SMITH,UNION,NA,NA,NA,NA,NA,NA,NA,NA,NA,NA,NA,NA,NA,NA,NA,NA,NA,NA,NA,NA,NA,NA,NA,NA,NA,NA,NA,NA,NA,NA,NA,NA,NA,NA,NA,NA,NA,NA,NA,NA,NA,NA,NA,NA,NA,NA,NA
83,1 PL,2,CARROLL,CT,HOYT,PRESIDENT,SMITH,NA,NA,NA,NA,NA,NA,NA,NA,NA,NA,NA,NA,NA,NA,NA,NA,NA,NA,NA,NA,NA,NA,NA,NA,NA,NA,NA,NA,NA,NA,NA,NA,NA,NA,NA,NA,NA,NA,NA,NA,NA,NA,NA,NA,NA,NA,NA
84,1 PL,2,2 PL,3,3 PL,4,4 PL,5,BOND,CT,HOYT,SMITH,NA,NA,NA,NA,NA,NA,NA,NA,NA,NA,NA,NA,NA,NA,NA,NA,NA,NA,NA,NA,NA,NA,NA,NA,NA,NA,NA,NA,NA,NA,NA,NA,NA,NA,NA,NA,NA,NA,NA,NA,NA,NA
85,BALTIC,BOND,BUTLER,DEGRAW,DOUGLAS,HOYT,SACKETT,UNION,NA,NA,NA,NA,NA,NA,NA,NA,NA,NA,NA,NA,NA,NA,NA,NA,NA,NA,NA,NA,NA,NA,NA,NA,NA,NA,NA,NA,NA,NA,NA,NA,NA,NA,NA,NA,NA,NA,NA,NA,NA,NA,NA,NA,NA,NA
86,1,2,3 AVE,BALTIC,BOND,BUTLER,CARROLL,DEGRAW,DOUGLAS,HOYT,NEVINS,PRESIDENT,SACKETT,UNION,NA,NA,NA,NA,NA,NA,NA,NA,NA,NA,NA,NA,NA,NA,NA,NA,NA,NA,NA,NA,NA,NA,NA,NA,NA,NA,NA,NA,NA,NA,NA,NA,NA,NA,NA,NA,NA,NA,NA,NA
87,BRG,DUFFIELD,FLEET PL,GOLD,HUDSON AVE,JOHNSON,MYRTLE,MYRTLE AVE,NAVY,PRINCE,RAYMOND,NA,NA,NA,NA,NA,NA,NA,NA,NA,NA,NA,NA,NA,NA,NA,NA,NA,NA,NA,NA,NA,NA,NA,NA,NA,NA,NA,NA,NA,NA,NA,NA,NA,NA,NA,NA,NA,NA,NA,NA,NA,NA,NA
88,BEDFORD,BOLIVAR,CANTON,DIVISION,HUDSON AVE,JOHNSON,MYRTLE AVE,NAVY,PARK AVE,RAYMOND,SYCAMORE,TILLARY,NA,NA,NA,NA,NA,NA,NA,NA,NA,NA,NA,NA,NA,NA,NA,NA,NA,NA,NA,NA,NA,NA,NA,NA,NA,NA,NA,NA,NA,NA,NA,NA,NA,NA,NA,NA,NA,NA,NA,NA,NA,NA
89,BOLIVAR,BRG,DUFFIELD,FAIR,FLEET,FLEET PL,GOLD,HUDSON AVE,MYRTLE,MYRTLE AVE,PRINCE,WILLOUGHBY,NA,NA,NA,NA,NA,NA,NA,NA,NA,NA,NA,NA,NA,NA,NA,NA,NA,NA,NA,NA,NA,NA,NA,NA,NA,NA,NA,NA,NA,NA,NA,NA,NA,NA,NA,NA,NA,NA,NA,NA,NA,NA
90,BRG,DE BEVOISE PL,DE KALB AVE,DUFFIELD,FLEET,FLEET PL,FULTON,GOLD,HUDSON AVE,LAFAYETTE,PRINCE,WILLOUGHBY,NA,NA,NA,NA,NA,NA,NA,NA,NA,NA,NA,NA,NA,NA,NA,NA,NA,NA,NA,NA,NA,NA,NA,NA,NA,NA,NA,NA,NA,NA,NA,NA,NA,NA,NA,NA,NA,NA,NA,NA,NA,NA
91,BOLIVAR,BOND,CANTON,DE KALB AVE,FLEET,FULTON,GOLD,HUDSON AVE,LAFAYETTE,NAVY,RAYMOND,WILLOUGHBY,NA,NA,NA,NA,NA,NA,NA,NA,NA,NA,NA,NA,NA,NA,NA,NA,NA,NA,NA,NA,NA,NA,NA,NA,NA,NA,NA,NA,NA,NA,NA,NA,NA,NA,NA,NA,NA,NA,NA,NA,NA,NA
92,DE KALB AVE,FT GREEN PL,FULTON,NAVY,RAYMOND,SAINT FELIX,NA,NA,NA,NA,NA,NA,NA,NA,NA,NA,NA,NA,NA,NA,NA,NA,NA,NA,NA,NA,NA,NA,NA,NA,NA,NA,NA,NA,NA,NA,NA,NA,NA,NA,NA,NA,NA,NA,NA,NA,NA,NA,NA,NA,NA,NA,NA,NA
93,FLATBUSH AVE,FORT GREENE PL,FT GREEN PL,FULTON,HANSON PL,LAFAYETTE AVE,NAVY,RAYMOND,RAYMONG,SAINT FELIX,NA,NA,NA,NA,NA,NA,NA,NA,NA,NA,NA,NA,NA,NA,NA,NA,NA,NA,NA,NA,NA,NA,NA,NA,NA,NA,NA,NA,NA,NA,NA,NA,NA,NA,NA,NA,NA,NA,NA,NA,NA,NA,NA,NA
94,ATLANTIC AVE,DE KALB AVE,FLATBUSH AVE,FORT GREENE PL,FT GREEN PL,FULTON,HANSON PL,LAFAYETTE AVE,RAYMONG,S ELLIOTT PL,S PORTLAND AVE,NA,NA,NA,NA,NA,NA,NA,NA,NA,NA,NA,NA,NA,NA,NA,NA,NA,NA,NA,NA,NA,NA,NA,NA,NA,NA,NA,NA,NA,NA,NA,NA,NA,NA,NA,NA,NA,NA,NA,NA,NA,NA,NA
95,AUBURN PL,CANTON,FLUSHING AVE,MYRTLE AVE,N ELLIOT PL,N PORTLAND AVE,PARK AVE,NA,NA,NA,NA,NA,NA,NA,NA,NA,NA,NA,NA,NA,NA,NA,NA,NA,NA,NA,NA,NA,NA,NA,NA,NA,NA,NA,NA,NA,NA,NA,NA,NA,NA,NA,NA,NA,NA,NA,NA,NA,NA,NA,NA,NA,NA,NA
96,CONOVER,DIKEMAN,DWIGHT,ELIZABETH,FERRIS,OTSEGO,PARTITION,REID,RICHARD,SULLIVAN,VAN BRUNT,VANDYKE,WOLCOTT,NA,NA,NA,NA,NA,NA,NA,NA,NA,NA,NA,NA,NA,NA,NA,NA,NA,NA,NA,NA,NA,NA,NA,NA,NA,NA,NA,NA,NA,NA,NA,NA,NA,NA,NA,NA,NA,NA,NA,NA,NA
97,CONOVER,DIKEMAN,FERRIS,PARTITION,RICHARD,VAN BRUNT,VANDYKE,WOLCOTT,NA,NA,NA,NA,NA,NA,NA,NA,NA,NA,NA,NA,NA,NA,NA,NA,NA,NA,NA,NA,NA,NA,NA,NA,NA,NA,NA,NA,NA,NA,NA,NA,NA,NA,NA,NA,NA,NA,NA,NA,NA,NA,NA,NA,NA,NA
98,CLINTON WHARF,CONOVER,EWEN,FERRIS,KING,RICHARD,SULLIVAN,TREMONT,VAN BRUNT,WILLIAM,WOLCOTT,NA,NA,NA,NA,NA,NA,NA,NA,NA,NA,NA,NA,NA,NA,NA,NA,NA,NA,NA,NA,NA,NA,NA,NA,NA,NA,NA,NA,NA,NA,NA,NA,NA,NA,NA,NA,NA,NA,NA,NA,NA,NA,NA
99,BOWNE,CARROLL,CLINTON WHARF,COLES,COLUMBIA,COMMERCE,COMMERCIAL WHARF,CONCOVER ST,DELOVAN,DWIGHT,EWEN,HAMILTON AVE,HICKS,IMLAY,INDIA WHARF,RAPELYE,RICHARD,SEABRUNG,SUMMIT,VAN BRUNT,WILLIAM,NA,NA,NA,NA,NA,NA,NA,NA,NA,NA,NA,NA,NA,NA,NA,NA,NA,NA,NA,NA,NA,NA,NA,NA,NA,NA,NA,NA,NA,NA,NA,NA,NA
100,BUSH,CENTRE,CHURCH,COLES,COLUMBIA,DWIGHT,EWEN,GARNET,HAMILTON AVE,HENRY,HICKS,HUNTINGTON,KING,LIQUER,MILL,NELSON,RICHARD,SULLIVAN,TREMONT,WILLIAM,NA,NA,NA,NA,NA,NA,NA,NA,NA,NA,NA,NA,NA,NA,NA,NA,NA,NA,NA,NA,NA,NA,NA,NA,NA,NA,NA,NA,NA,NA,NA,NA,NA,NA
101,BAY,BRYANT,BUSH,CENTRE,CHURCH,CLINTON,COLUMBIA,CT,GARNET,GRINNEL,HALLECK,HALLECK AVE,HAMILTON AVE,HENRY,HICKS,HUNTINGTON,LEONARD,MILL,NELSON,OTSEGO,PERCIVAL,SICOURNEY,SIGOURNEY,SMITH,W 9,NA,NA,NA,NA,NA,NA,NA,NA,NA,NA,NA,NA,NA,NA,NA,NA,NA,NA,NA,NA,NA,NA,NA,NA,NA,NA,NA,NA,NA
102,CHURCH,CLINTON,CT,HAMILTON AVE,HUNTINGTON,NELSON,W 9,NA,NA,NA,NA,NA,NA,NA,NA,NA,NA,NA,NA,NA,NA,NA,NA,NA,NA,NA,NA,NA,NA,NA,NA,NA,NA,NA,NA,NA,NA,NA,NA,NA,NA,NA,NA,NA,NA,NA,NA,NA,NA,NA,NA,NA,NA,NA
103,9,CHURCH,CT,GARNET,HAMILTON AVE,HUNTINGTON,SMITH,NA,NA,NA,NA,NA,NA,NA,NA,NA,NA,NA,NA,NA,NA,NA,NA,NA,NA,NA,NA,NA,NA,NA,NA,NA,NA,NA,NA,NA,NA,NA,NA,NA,NA,NA,NA,NA,NA,NA,NA,NA,NA,NA,NA,NA,NA,NA
104,4 PL,5,6,7,CLINTON,COLES,CT,DENNETT PL,HAMILTON AVE,HENRY,HICKS,HUNTINGTON,LIQUER,NELSON,SMITH,NA,NA,NA,NA,NA,NA,NA,NA,NA,NA,NA,NA,NA,NA,NA,NA,NA,NA,NA,NA,NA,NA,NA,NA,NA,NA,NA,NA,NA,NA,NA,NA,NA,NA,NA,NA,NA,NA,NA
105,1,BERRY,GRAND,KENT AVE,RIVER,S 1,S 2,WYTHE AVE,NA,NA,NA,NA,NA,NA,NA,NA,NA,NA,NA,NA,NA,NA,NA,NA,NA,NA,NA,NA,NA,NA,NA,NA,NA,NA,NA,NA,NA,NA,NA,NA,NA,NA,NA,NA,NA,NA,NA,NA,NA,NA,NA,NA,NA,NA
106,1,BERRY,S 2,S 3,S 4,WYTHE AVE,NA,NA,NA,NA,NA,NA,NA,NA,NA,NA,NA,NA,NA,NA,NA,NA,NA,NA,NA,NA,NA,NA,NA,NA,NA,NA,NA,NA,NA,NA,NA,NA,NA,NA,NA,NA,NA,NA,NA,NA,NA,NA,NA,NA,NA,NA,NA,NA
107,BEDFORD AVE,BERRY,DRIGGS AVE,S 1,S 2,S 3,S 4,NA,NA,NA,NA,NA,NA,NA,NA,NA,NA,NA,NA,NA,NA,NA,NA,NA,NA,NA,NA,NA,NA,NA,NA,NA,NA,NA,NA,NA,NA,NA,NA,NA,NA,NA,NA,NA,NA,NA,NA,NA,NA,NA,NA,NA,NA,NA
108,BEDFORD AVE,BERRY,DRIGGS AVE,GRAND,ROEBLING,S 1,S 2,NA,NA,NA,NA,NA,NA,NA,NA,NA,NA,NA,NA,NA,NA,NA,NA,NA,NA,NA,NA,NA,NA,NA,NA,NA,NA,NA,NA,NA,NA,NA,NA,NA,NA,NA,NA,NA,NA,NA,NA,NA,NA,NA,NA,NA,NA,NA
109,5,6,DRIGGS AVE,GRAND,HAVEMEYER,ROEBLING,S 1,S 2,S 3,S 4,S 5,NA,NA,NA,NA,NA,NA,NA,NA,NA,NA,NA,NA,NA,NA,NA,NA,NA,NA,NA,NA,NA,NA,NA,NA,NA,NA,NA,NA,NA,NA,NA,NA,NA,NA,NA,NA,NA,NA,NA,NA,NA,NA,NA
110,9,GRAND,HAVEMEYER,MARCY AVE,RODNEY,S 1,S 2,S 3,NA,NA,NA,NA,NA,NA,NA,NA,NA,NA,NA,NA,NA,NA,NA,NA,NA,NA,NA,NA,NA,NA,NA,NA,NA,NA,NA,NA,NA,NA,NA,NA,NA,NA,NA,NA,NA,NA,NA,NA,NA,NA,NA,NA,NA,NA
111,8,BROADWAY,HAVEMEYER,MARCY AVE,RODNEY,S 3,S 4,S 5,S 9,NA,NA,NA,NA,NA,NA,NA,NA,NA,NA,NA,NA,NA,NA,NA,NA,NA,NA,NA,NA,NA,NA,NA,NA,NA,NA,NA,NA,NA,NA,NA,NA,NA,NA,NA,NA,NA,NA,NA,NA,NA,NA,NA,NA,NA
112,4,5,6,8,BEDFORD AVE,BROADWAY,DRIGGS AVE,HAVEMEYER,ROEBLING,S 4,S 5,S 8,S 9,NA,NA,NA,NA,NA,NA,NA,NA,NA,NA,NA,NA,NA,NA,NA,NA,NA,NA,NA,NA,NA,NA,NA,NA,NA,NA,NA,NA,NA,NA,NA,NA,NA,NA,NA,NA,NA,NA,NA,NA,NA
113,1,4,BEDFORD AVE,BERRY,BROADWAY,DUNHAM PL,S 4,S 5,S 6,S 8,WYTHE AVE,NA,NA,NA,NA,NA,NA,NA,NA,NA,NA,NA,NA,NA,NA,NA,NA,NA,NA,NA,NA,NA,NA,NA,NA,NA,NA,NA,NA,NA,NA,NA,NA,NA,NA,NA,NA,NA,NA,NA,NA,NA,NA,NA
114,1,4,BEDFORD AVE,BERRY,BROADWAY,DIVISION AVE,DRIGGS AVE,S 10,S 11,S 8,S 9,WYTHE AVE,NA,NA,NA,NA,NA,NA,NA,NA,NA,NA,NA,NA,NA,NA,NA,NA,NA,NA,NA,NA,NA,NA,NA,NA,NA,NA,NA,NA,NA,NA,NA,NA,NA,NA,NA,NA,NA,NA,NA,NA,NA,NA
115,1,BANKER,BEDFORD AVE,BERRY,KENT AVE,N 10,N 11,N 12,N 13,N 14,N 7,N 8,N 9,WYTHE AVE,NA,NA,NA,NA,NA,NA,NA,NA,NA,NA,NA,NA,NA,NA,NA,NA,NA,NA,NA,NA,NA,NA,NA,NA,NA,NA,NA,NA,NA,NA,NA,NA,NA,NA,NA,NA,NA,NA,NA,NA
116,BERRY,N 6,N 7,N 8,WYTHE AVE,NA,NA,NA,NA,NA,NA,NA,NA,NA,NA,NA,NA,NA,NA,NA,NA,NA,NA,NA,NA,NA,NA,NA,NA,NA,NA,NA,NA,NA,NA,NA,NA,NA,NA,NA,NA,NA,NA,NA,NA,NA,NA,NA,NA,NA,NA,NA,NA,NA
117,1,N 6,N 7,N 8,WYTHE AVE,NA,NA,NA,NA,NA,NA,NA,NA,NA,NA,NA,NA,NA,NA,NA,NA,NA,NA,NA,NA,NA,NA,NA,NA,NA,NA,NA,NA,NA,NA,NA,NA,NA,NA,NA,NA,NA,NA,NA,NA,NA,NA,NA,NA,NA,NA,NA,NA,NA
118,1,2,BEDFORD AVE,BERRY,GRAND,METROPOLITAN AVE,N 1,RIVER,NA,NA,NA,NA,NA,NA,NA,NA,NA,NA,NA,NA,NA,NA,NA,NA,NA,NA,NA,NA,NA,NA,NA,NA,NA,NA,NA,NA,NA,NA,NA,NA,NA,NA,NA,NA,NA,NA,NA,NA,NA,NA,NA,NA,NA,NA
119,BEDFORD AVE,DRIGGS AVE,FILLMORE PL,GRAND,HAVEMEYER,HOPE,METROPOLITAN AVE,N 1,N 3,N 4,N 5,N 6,ROEBLING,NA,NA,NA,NA,NA,NA,NA,NA,NA,NA,NA,NA,NA,NA,NA,NA,NA,NA,NA,NA,NA,NA,NA,NA,NA,NA,NA,NA,NA,NA,NA,NA,NA,NA,NA,NA,NA,NA,NA,NA,NA
120,1,2,BERRY,N 4,N 4 PL,N 5,N 6,NA,NA,NA,NA,NA,NA,NA,NA,NA,NA,NA,NA,NA,NA,NA,NA,NA,NA,NA,NA,NA,NA,NA,NA,NA,NA,NA,NA,NA,NA,NA,NA,NA,NA,NA,NA,NA,NA,NA,NA,NA,NA,NA,NA,NA,NA,NA
121,1,2,BEDFORD AVE,BERRY,METROPOLITAN AVE,N 3,N 4,N 4 PL,RIVER,WYTHE AVE,NA,NA,NA,NA,NA,NA,NA,NA,NA,NA,NA,NA,NA,NA,NA,NA,NA,NA,NA,NA,NA,NA,NA,NA,NA,NA,NA,NA,NA,NA,NA,NA,NA,NA,NA,NA,NA,NA,NA,NA,NA,NA,NA,NA
122,BEDFORD AVE,BERRY,N 4,N 5,N 6,N 7,N 8,N 9,NA,NA,NA,NA,NA,NA,NA,NA,NA,NA,NA,NA,NA,NA,NA,NA,NA,NA,NA,NA,NA,NA,NA,NA,NA,NA,NA,NA,NA,NA,NA,NA,NA,NA,NA,NA,NA,NA,NA,NA,NA,NA,NA,NA,NA,NA
123,HAVEMEYER,METROPOLITAN AVE,N 4,N 5,N 6,N 7,ROEBLING,NA,NA,NA,NA,NA,NA,NA,NA,NA,NA,NA,NA,NA,NA,NA,NA,NA,NA,NA,NA,NA,NA,NA,NA,NA,NA,NA,NA,NA,NA,NA,NA,NA,NA,NA,NA,NA,NA,NA,NA,NA,NA,NA,NA,NA,NA,NA
124,DRIGGS AVE,METROPOLITAN AVE,N 4,N 5,N 6,N 7,ROEBLING,NA,NA,NA,NA,NA,NA,NA,NA,NA,NA,NA,NA,NA,NA,NA,NA,NA,NA,NA,NA,NA,NA,NA,NA,NA,NA,NA,NA,NA,NA,NA,NA,NA,NA,NA,NA,NA,NA,NA,NA,NA,NA,NA,NA,NA,NA,NA
125,AINSLIE,GRAND,HAVEMEYER,HOPE,MARCY AVE,METROPOLITAN AVE,N 5,N 6,N 7,POWERS,RODNEY,ROEBLING,NA,NA,NA,NA,NA,NA,NA,NA,NA,NA,NA,NA,NA,NA,NA,NA,NA,NA,NA,NA,NA,NA,NA,NA,NA,NA,NA,NA,NA,NA,NA,NA,NA,NA,NA,NA,NA,NA,NA,NA,NA,NA
126,DRIGGS AVE,FROST,HAVEMEYER,N 10,N 11,N 12,N 7,N 8,N 9,NEWTON,ROEBLING,UNION AVE,WITHERS,NA,NA,NA,NA,NA,NA,NA,NA,NA,NA,NA,NA,NA,NA,NA,NA,NA,NA,NA,NA,NA,NA,NA,NA,NA,NA,NA,NA,NA,NA,NA,NA,NA,NA,NA,NA,NA,NA,NA,NA,NA
127,BANKER,BEDFORD AVE,DRIGGS AVE,N 10,N 11,N 12,N 13,N 6,N 7,N 8,N 9,NA,NA,NA,NA,NA,NA,NA,NA,NA,NA,NA,NA,NA,NA,NA,NA,NA,NA,NA,NA,NA,NA,NA,NA,NA,NA,NA,NA,NA,NA,NA,NA,NA,NA,NA,NA,NA,NA,NA,NA,NA,NA,NA
128,10,AINSLIE,DEVOE,GRAND,HOOPER,HOPE,KEAP,LORIMER,MAUJER,METROPOLITAN AVE,RODNEY,S 1,S 2,UNION AVE,NA,NA,NA,NA,NA,NA,NA,NA,NA,NA,NA,NA,NA,NA,NA,NA,NA,NA,NA,NA,NA,NA,NA,NA,NA,NA,NA,NA,NA,NA,NA,NA,NA,NA,NA,NA,NA,NA,NA,NA
129,AINSLIE,DEVOE,GRAND,LEONARD,LORIMER,MAUJER,POWERS,TEN EYCK,UNION AVE,NA,NA,NA,NA,NA,NA,NA,NA,NA,NA,NA,NA,NA,NA,NA,NA,NA,NA,NA,NA,NA,NA,NA,NA,NA,NA,NA,NA,NA,NA,NA,NA,NA,NA,NA,NA,NA,NA,NA,NA,NA,NA,NA,NA,NA
130,AINSLIE,GRAHAM AVE,GRAND,LEONARD,LORIMER,MANHATTAN AVE,MAUJER,POWERS,TEN EYCK,NA,NA,NA,NA,NA,NA,NA,NA,NA,NA,NA,NA,NA,NA,NA,NA,NA,NA,NA,NA,NA,NA,NA,NA,NA,NA,NA,NA,NA,NA,NA,NA,NA,NA,NA,NA,NA,NA,NA,NA,NA,NA,NA,NA,NA
131,AINSLIE,BUSHWICK AVE,DEVOE,GRAHAM AVE,GRAND,HUMBOLDT,MAUJER,POWERS,TEN EYCK,NA,NA,NA,NA,NA,NA,NA,NA,NA,NA,NA,NA,NA,NA,NA,NA,NA,NA,NA,NA,NA,NA,NA,NA,NA,NA,NA,NA,NA,NA,NA,NA,NA,NA,NA,NA,NA,NA,NA,NA,NA,NA,NA,NA,NA
132,AINSLIE,BUSHWICK AVE,CONSELYEA,DEVOE,GRAHAM AVE,HUMBOLDT,LEONARD,LORIMER,MANHATTAN AVE,METROPOLITAN AVE,NA,NA,NA,NA,NA,NA,NA,NA,NA,NA,NA,NA,NA,NA,NA,NA,NA,NA,NA,NA,NA,NA,NA,NA,NA,NA,NA,NA,NA,NA,NA,NA,NA,NA,NA,NA,NA,NA,NA,NA,NA,NA,NA,NA
133,FROST,GRAHAM AVE,HEBERT,HUMBOLDT,JACKSON,LEONARD,MANHATTAN AVE,RICHARDSON,WITHERS,NA,NA,NA,NA,NA,NA,NA,NA,NA,NA,NA,NA,NA,NA,NA,NA,NA,NA,NA,NA,NA,NA,NA,NA,NA,NA,NA,NA,NA,NA,NA,NA,NA,NA,NA,NA,NA,NA,NA,NA,NA,NA,NA,NA,NA
134,CONSELYEA,GRAHAM AVE,HUMBOLDT,JACKSON,LEONARD,MANHATTAN AVE,SKILLMAN AVE,NA,NA,NA,NA,NA,NA,NA,NA,NA,NA,NA,NA,NA,NA,NA,NA,NA,NA,NA,NA,NA,NA,NA,NA,NA,NA,NA,NA,NA,NA,NA,NA,NA,NA,NA,NA,NA,NA,NA,NA,NA,NA,NA,NA,NA,NA,NA
135,BAYARD,DRIGGS AVE,ENGERT AVE,FROST,JACKSON,JANE,LEONARD,LORIMER,NEWTON,ORCHARD,RICHARDSON,UNION AVE,VAN PELT AVE,WITHERS,NA,NA,NA,NA,NA,NA,NA,NA,NA,NA,NA,NA,NA,NA,NA,NA,NA,NA,NA,NA,NA,NA,NA,NA,NA,NA,NA,NA,NA,NA,NA,NA,NA,NA,NA,NA,NA,NA,NA,NA
136,CONSELYEA,JACKSON,LEONARD,LORIMER,METROPOLITAN AVE,SKILLMAN AVE,UNION AVE,NA,NA,NA,NA,NA,NA,NA,NA,NA,NA,NA,NA,NA,NA,NA,NA,NA,NA,NA,NA,NA,NA,NA,NA,NA,NA,NA,NA,NA,NA,NA,NA,NA,NA,NA,NA,NA,NA,NA,NA,NA,NA,NA,NA,NA,NA,NA
137,BROADWAY,HOOPER,KEAP,RODNEY,S 3,S 4,S 5,S 9,NA,NA,NA,NA,NA,NA,NA,NA,NA,NA,NA,NA,NA,NA,NA,NA,NA,NA,NA,NA,NA,NA,NA,NA,NA,NA,NA,NA,NA,NA,NA,NA,NA,NA,NA,NA,NA,NA,NA,NA,NA,NA,NA,NA,NA,NA
138,9,HEWES,HOOPER,KEAP,S 2,S 3,S 4,STAGG,UNION AVE,NA,NA,NA,NA,NA,NA,NA,NA,NA,NA,NA,NA,NA,NA,NA,NA,NA,NA,NA,NA,NA,NA,NA,NA,NA,NA,NA,NA,NA,NA,NA,NA,NA,NA,NA,NA,NA,NA,NA,NA,NA,NA,NA,NA,NA
139,BOERUM,BROADWAY,HEWES,JOHNSON AVE,LORIMER,MC KIBBIN,MONTROSE AVE,S 5,THROOP AVE,UNION AVE,NA,NA,NA,NA,NA,NA,NA,NA,NA,NA,NA,NA,NA,NA,NA,NA,NA,NA,NA,NA,NA,NA,NA,NA,NA,NA,NA,NA,NA,NA,NA,NA,NA,NA,NA,NA,NA,NA,NA,NA,NA,NA,NA,NA
140,BROADWAY,HEWES,HOOPER,LORIMER,MESEROLE,MONTROSE AVE,S 4,S 5,SCHOLES,UNION AVE,NA,NA,NA,NA,NA,NA,NA,NA,NA,NA,NA,NA,NA,NA,NA,NA,NA,NA,NA,NA,NA,NA,NA,NA,NA,NA,NA,NA,NA,NA,NA,NA,NA,NA,NA,NA,NA,NA,NA,NA,NA,NA,NA,NA
141,LEONARD,LORIMER,SCHOLES,STAGG,TEN EYCK,UNION AVE,NA,NA,NA,NA,NA,NA,NA,NA,NA,NA,NA,NA,NA,NA,NA,NA,NA,NA,NA,NA,NA,NA,NA,NA,NA,NA,NA,NA,NA,NA,NA,NA,NA,NA,NA,NA,NA,NA,NA,NA,NA,NA,NA,NA,NA,NA,NA,NA
142,BOERUM,JOHNSON AVE,LEONARD,LORIMER,MESEROLE,MONTROSE AVE,SCHOLES,NA,NA,NA,NA,NA,NA,NA,NA,NA,NA,NA,NA,NA,NA,NA,NA,NA,NA,NA,NA,NA,NA,NA,NA,NA,NA,NA,NA,NA,NA,NA,NA,NA,NA,NA,NA,NA,NA,NA,NA,NA,NA,NA,NA,NA,NA,NA
143,GRAHAM AVE,LEONARD,MANHATTAN AVE,SCHOLES,STAGG WALK,TEN EYCK,NA,NA,NA,NA,NA,NA,NA,NA,NA,NA,NA,NA,NA,NA,NA,NA,NA,NA,NA,NA,NA,NA,NA,NA,NA,NA,NA,NA,NA,NA,NA,NA,NA,NA,NA,NA,NA,NA,NA,NA,NA,NA,NA,NA,NA,NA,NA,NA
144,GRAHAM AVE,LEONARD,MANHATTAN AVE,MESEROLE,MONTROSE AVE,SCHOLES,NA,NA,NA,NA,NA,NA,NA,NA,NA,NA,NA,NA,NA,NA,NA,NA,NA,NA,NA,NA,NA,NA,NA,NA,NA,NA,NA,NA,NA,NA,NA,NA,NA,NA,NA,NA,NA,NA,NA,NA,NA,NA,NA,NA,NA,NA,NA,NA
145,BUSHWICK AVE,GRAHAM AVE,HUMBOLDT,MESEROLE,MONTROSE AVE,SCHOLES,STAGG WALK,TEN EYCK,NA,NA,NA,NA,NA,NA,NA,NA,NA,NA,NA,NA,NA,NA,NA,NA,NA,NA,NA,NA,NA,NA,NA,NA,NA,NA,NA,NA,NA,NA,NA,NA,NA,NA,NA,NA,NA,NA,NA,NA,NA,NA,NA,NA,NA,NA
146,BUSHWICK AVE,BUSHWICK PL,HUMBOLDT,MESEROLE,MONTROSE AVE,SCHOLES,STAGG,STAGG WALK,TEN EYCK,NA,NA,NA,NA,NA,NA,NA,NA,NA,NA,NA,NA,NA,NA,NA,NA,NA,NA,NA,NA,NA,NA,NA,NA,NA,NA,NA,NA,NA,NA,NA,NA,NA,NA,NA,NA,NA,NA,NA,NA,NA,NA,NA,NA,NA
147,BOERUM,BUSHWICK AVE,GRAHAM AVE,HUMBOLDT,JOHNSON AVE,MONTROSE AVE,NA,NA,NA,NA,NA,NA,NA,NA,NA,NA,NA,NA,NA,NA,NA,NA,NA,NA,NA,NA,NA,NA,NA,NA,NA,NA,NA,NA,NA,NA,NA,NA,NA,NA,NA,NA,NA,NA,NA,NA,NA,NA,NA,NA,NA,NA,NA,NA
148,BOERUM,BUSHWICK AVE,BUSHWICK PL,GRAHAM AVE,HUMBOLDT,JOHNSON AVE,MC KIBBIN,MONTROSE AVE,SEIGEL,NA,NA,NA,NA,NA,NA,NA,NA,NA,NA,NA,NA,NA,NA,NA,NA,NA,NA,NA,NA,NA,NA,NA,NA,NA,NA,NA,NA,NA,NA,NA,NA,NA,NA,NA,NA,NA,NA,NA,NA,NA,NA,NA,NA,NA
149,BOERUM,BROADWAY,GRAHAM AVE,LEONARD,LORIMER,MANHATTAN AVE,MC KIBBIN,SEIGEL,NA,NA,NA,NA,NA,NA,NA,NA,NA,NA,NA,NA,NA,NA,NA,NA,NA,NA,NA,NA,NA,NA,NA,NA,NA,NA,NA,NA,NA,NA,NA,NA,NA,NA,NA,NA,NA,NA,NA,NA,NA,NA,NA,NA,NA,NA
150,BOERUM,GRAHAM AVE,JOHNSON AVE,LEONARD,MANHATTAN AVE,MC KIBBIN,MONTROSE AVE,NA,NA,NA,NA,NA,NA,NA,NA,NA,NA,NA,NA,NA,NA,NA,NA,NA,NA,NA,NA,NA,NA,NA,NA,NA,NA,NA,NA,NA,NA,NA,NA,NA,NA,NA,NA,NA,NA,NA,NA,NA,NA,NA,NA,NA,NA,NA
151,BROADWAY,COOK,DE BEVOISE,GRAHAM AVE,LEONARD,MANHATTAN AVE,MOORE,SEIGEL,VARET,NA,NA,NA,NA,NA,NA,NA,NA,NA,NA,NA,NA,NA,NA,NA,NA,NA,NA,NA,NA,NA,NA,NA,NA,NA,NA,NA,NA,NA,NA,NA,NA,NA,NA,NA,NA,NA,NA,NA,NA,NA,NA,NA,NA,NA
152,COOK,GRAHAM AVE,HUMBOLDT,MANHATTAN AVE,MOORE,SEIGEL,VARET,NA,NA,NA,NA,NA,NA,NA,NA,NA,NA,NA,NA,NA,NA,NA,NA,NA,NA,NA,NA,NA,NA,NA,NA,NA,NA,NA,NA,NA,NA,NA,NA,NA,NA,NA,NA,NA,NA,NA,NA,NA,NA,NA,NA,NA,NA,NA
153,BUSHWICK AVE,COOK,HUMBOLDT,MOORE,MORRELL,SEIGEL,VARET,NA,NA,NA,NA,NA,NA,NA,NA,NA,NA,NA,NA,NA,NA,NA,NA,NA,NA,NA,NA,NA,NA,NA,NA,NA,NA,NA,NA,NA,NA,NA,NA,NA,NA,NA,NA,NA,NA,NA,NA,NA,NA,NA,NA,NA,NA,NA
154,BROADWAY,BUSHWICK AVE,COOK,DE BEVOISE,FLUSHING AVE,GRAHAM AVE,HUMBOLDT,MORRELL,NA,NA,NA,NA,NA,NA,NA,NA,NA,NA,NA,NA,NA,NA,NA,NA,NA,NA,NA,NA,NA,NA,NA,NA,NA,NA,NA,NA,NA,NA,NA,NA,NA,NA,NA,NA,NA,NA,NA,NA,NA,NA,NA,NA,NA,NA
155,ANN,BAY,BELL,BLUE,BOX,CLAY,COMMERCIAL,DUPONT,EAGLE,FRANKLIN,MANHATTAN AVE,OAKLAND,PINK,WEST,NA,NA,NA,NA,NA,NA,NA,NA,NA,NA,NA,NA,NA,NA,NA,NA,NA,NA,NA,NA,NA,NA,NA,NA,NA,NA,NA,NA,NA,NA,NA,NA,NA,NA,NA,NA,NA,NA,NA,NA
156,ASH,BOX,BRANT,CLAY,DUCK,DUPONT,EAGLE,MANHATTAN AVE,OAKLAND,PAIDGE AVE,PEQUOD,PROVOST,RANTON,SETAUKET,SHAWNET,WATER,NA,NA,NA,NA,NA,NA,NA,NA,NA,NA,NA,NA,NA,NA,NA,NA,NA,NA,NA,NA,NA,NA,NA,NA,NA,NA,NA,NA,NA,NA,NA,NA,NA,NA,NA,NA,NA,NA
157,EAGLE,FREEMAN,GREEN,GREENE,HENRY PL,HOLLAND,LEYDEN,MANHATTAN AVE,N HENRY,OAKLAND,PAIDGE,PAIDGE AVE,PROVOST,NA,NA,NA,NA,NA,NA,NA,NA,NA,NA,NA,NA,NA,NA,NA,NA,NA,NA,NA,NA,NA,NA,NA,NA,NA,NA,NA,NA,NA,NA,NA,NA,NA,NA,NA,NA,NA,NA,NA,NA,NA
158,EMERY,GREEN,GREENE,GREENPOINT AVE,HURON,INDIA,JAVA,KINGLAND AVE,LEYDEN,MANHATTAN AVE,N HENRY,OAKLAND,PAIDGE AVE,PROVOST,SUTTON AVE,WALLOCK,NA,NA,NA,NA,NA,NA,NA,NA,NA,NA,NA,NA,NA,NA,NA,NA,NA,NA,NA,NA,NA,NA,NA,NA,NA,NA,NA,NA,NA,NA,NA,NA,NA,NA,NA,NA,NA,NA
159,GREENPOINT AVE,JAVA,KENT,MANHATTAN AVE,N HENRY,OAKLAND,PROVOST,NA,NA,NA,NA,NA,NA,NA,NA,NA,NA,NA,NA,NA,NA,NA,NA,NA,NA,NA,NA,NA,NA,NA,NA,NA,NA,NA,NA,NA,NA,NA,NA,NA,NA,NA,NA,NA,NA,NA,NA,NA,NA,NA,NA,NA,NA,NA
160,CALVER,CALYER,CHARLICK,DIAMOND,ECKFORD,FRONT,GREENPOINT AVE,HUMBOLDT,JEWELL,KINGLAND AVE,LEONARD,MANHATTAN AVE,MESEROLE AVE,MONITOR,MOULTRIE,N HENRY,NEWELL,OAKLAND,RUSSELL,SUTTON,SUTTON AVE,VAIL,WRIGHT,NA,NA,NA,NA,NA,NA,NA,NA,NA,NA,NA,NA,NA,NA,NA,NA,NA,NA,NA,NA,NA,NA,NA,NA,NA,NA,NA,NA,NA,NA,NA
161,APOLLO,BRIDGEWATR,CHARLICK,DIAMOND,ECKFORD,FRONT,HAUSMAN,HUMBOLDT,JEWELL,KINGSLAND AVE,LEONARD,MANHATTAN AVE,MESEROLE AVE,MONITOR,MORGAN AVE,MOULTRIE,N HENRY,NEWELL,NORMAN,OAKLAND,POLLOCK,RUSSELL,SUTTON,WEBSTER,NA,NA,NA,NA,NA,NA,NA,NA,NA,NA,NA,NA,NA,NA,NA,NA,NA,NA,NA,NA,NA,NA,NA,NA,NA,NA,NA,NA,NA,NA
162,APOLLO,BRIDGEWATR,DIAMOND,ECKFORD,HAUSMAN,HUMBOLDT,JEWELL,KINGSLAND AVE,LAKE,LEONARD,MANHATTAN AVE,MEEKER AVE,MONITOR,MORGAN AVE,MOROE,MOULTRIE,N HENRY,NASSAU AVE,NEWELL,NORMAN,OAKLAND,RUSSELL,SUTTON,VAN DAM,VARICK,NA,NA,NA,NA,NA,NA,NA,NA,NA,NA,NA,NA,NA,NA,NA,NA,NA,NA,NA,NA,NA,NA,NA,NA,NA,NA,NA,NA,NA
163,EAGLE,FRANKLIN,FREEMAN,GREEN,MANHATTAN AVE,WEST,NA,NA,NA,NA,NA,NA,NA,NA,NA,NA,NA,NA,NA,NA,NA,NA,NA,NA,NA,NA,NA,NA,NA,NA,NA,NA,NA,NA,NA,NA,NA,NA,NA,NA,NA,NA,NA,NA,NA,NA,NA,NA,NA,NA,NA,NA,NA,NA
164,FRANKLIN,GREEN,HURON,INDIA,MANHATTAN AVE,WEST,NA,NA,NA,NA,NA,NA,NA,NA,NA,NA,NA,NA,NA,NA,NA,NA,NA,NA,NA,NA,NA,NA,NA,NA,NA,NA,NA,NA,NA,NA,NA,NA,NA,NA,NA,NA,NA,NA,NA,NA,NA,NA,NA,NA,NA,NA,NA,NA
165,FRANKLIN,INDIA,JAVA,KENT,MANHATTAN AVE,WEST,NA,NA,NA,NA,NA,NA,NA,NA,NA,NA,NA,NA,NA,NA,NA,NA,NA,NA,NA,NA,NA,NA,NA,NA,NA,NA,NA,NA,NA,NA,NA,NA,NA,NA,NA,NA,NA,NA,NA,NA,NA,NA,NA,NA,NA,NA,NA,NA
166,FRANKLIN,GREENPOINT AVE,KENT,MANHATTAN AVE,MILTON,NOBLE,WEST,NA,NA,NA,NA,NA,NA,NA,NA,NA,NA,NA,NA,NA,NA,NA,NA,NA,NA,NA,NA,NA,NA,NA,NA,NA,NA,NA,NA,NA,NA,NA,NA,NA,NA,NA,NA,NA,NA,NA,NA,NA,NA,NA,NA,NA,NA,NA
167,CALYER,FRANKLIN,GOURNSEY,LORIMER,MANHATTAN AVE,NOBLE,OAK,WEST,NA,NA,NA,NA,NA,NA,NA,NA,NA,NA,NA,NA,NA,NA,NA,NA,NA,NA,NA,NA,NA,NA,NA,NA,NA,NA,NA,NA,NA,NA,NA,NA,NA,NA,NA,NA,NA,NA,NA,NA,NA,NA,NA,NA,NA,NA
168,BANKER,BEDFORD AVE,CALYER,DOBBIN,DRIGGS AVE,FRANKLIN,GEM,GUERNSEY,LORIMER,MANHATTAN AVE,MESEROLE AVE,N 14,N 15,NASSAU AVE,NORMAN,NORMAN AVE,QUAY,WEST,WYTHE AVE,NA,NA,NA,NA,NA,NA,NA,NA,NA,NA,NA,NA,NA,NA,NA,NA,NA,NA,NA,NA,NA,NA,NA,NA,NA,NA,NA,NA,NA,NA,NA,NA,NA,NA,NA
169,APOLLO,DIAMOND,DRIGGS AVE,ECKFORD,HAUSMAN,HUMBOLDT,KINGLAND AVE,LEONARD,MANHATTAN AVE,MEEKER AVE,MONITOR,MORGAN AVE,N HENRY,NASSAU AVE,NEWELL,OAKLAND,RUSSELL,SUTTON,VAN COTT AVE,VAN DAM,VARICK,NA,NA,NA,NA,NA,NA,NA,NA,NA,NA,NA,NA,NA,NA,NA,NA,NA,NA,NA,NA,NA,NA,NA,NA,NA,NA,NA,NA,NA,NA,NA,NA,NA
170,BAYARD,BROOME,DRIGGS AVE,ECKFORD,GRAHAM AVE,HUMBOLDT,KINGSLAND AVE,LEONARD,MANHATTAN AVE,MEEKER AVE,MONITOR,MORGAN AVE,N HENRY,NEWTON,RICHARDSON,RUSSELL,SUTTON,VAN COTT AVE,VAN PELT AVE,NA,NA,NA,NA,NA,NA,NA,NA,NA,NA,NA,NA,NA,NA,NA,NA,NA,NA,NA,NA,NA,NA,NA,NA,NA,NA,NA,NA,NA,NA,NA,NA,NA,NA,NA
171,AMOS,ANTHONY,BANZETT,BEADEL,BENNETT,CHERRY,DIVISION PL,FROST,GARDENER AVE,GARDNER AVE,GRAHAM AVE,HEBERT,HUMBOLDT,KINGLAND AVE,KINGSLAND AVE,LOMBARDY,MANHATTAN AVE,MEEKER AVE,MONITOR,MORGAN AVE,N HENRY,PORTER AVE,RICHARDSON,SCOTT AVE,STEWART AVE,THOMAS,TOWNSEND,VANDERVORT AVE,VARICK AVE,NA,NA,NA,NA,NA,NA,NA,NA,NA,NA,NA,NA,NA,NA,NA,NA,NA,NA,NA,NA,NA,NA,NA,NA,NA
172,BANZETT,BENNETT,BENTON,BULLION,DIVISION PL,FROST,GARDENER AVE,HUMBOLDT,JACKSON,KINGLAND AVE,KINGSLAND AVE,MASPETH AVE,MORGAN AVE,OLD WOOD POINT RD,PARKER,PARKERST,SCOTT AVE,SENECA AVE,SKILLMAN,SKILLMAN AVE,STEWART AVE,VANDERVORT AVE,VARICK AVE,WITHERS,NA,NA,NA,NA,NA,NA,NA,NA,NA,NA,NA,NA,NA,NA,NA,NA,NA,NA,NA,NA,NA,NA,NA,NA,NA,NA,NA,NA,NA,NA
173,BUSHWICK AVE,CALHOUN,CATHERINE,DEVOE,DICKINSON,GARDNER AVE,GRAND,GUILFORD,HUMBOLDT,JUDGE,MASPETH AVE,METROPOLITAN AVE,METROPOLITAN AVE BRG,MILL,MORGAN AVE,OLIVE,ORIENT AVE,PORTER AVE,POWERS,SCOTT AVE,SENECA AVE,SHARON,STEWART,STEWART AVE,VANDENVOORT AVE,VANDERVOORT AVE,VANDERVORT AVE,VARICK,NA,NA,NA,NA,NA,NA,NA,NA,NA,NA,NA,NA,NA,NA,NA,NA,NA,NA,NA,NA,NA,NA,NA,NA,NA,NA
174,AGATE,BOERUM,BOGART,BUSHWICK AVE,BUSHWICK PL,COOK,EVERGREEN AVE,FLUSHING AVE,GARDNER AVE,GRAND,GRATTAN,HARRISON,HARRISON PL,INGRAHAM,INGRAHM,IRVING AVE,JOHNSON AVE,LAGRANGE,MAUJER,MC KIBBIN,MEADOW,MESEROLE,METROPOLITAN AVE,METROPOLITAN AVE BRG,MONTROSE AVE,MOORE,MORGAN AVE,PORTER AVE,RANDOLPH,ROCK,SCHOLES,SCOTT AVE,SEIGEL,SENECA AVE,STAGG,STEWART AVE,TEN EYCK,TENEYCK,THAMES,VANDENVOORT AVE,VARET,VARICK,VARICK AVE,WATERBURN,WATERBURY,WHITE,NA,NA,NA,NA,NA,NA,NA,NA
175,CENTRAL AVE,CYPRESS AVE,EVERGREEN AVE,FLUSHING AVE,FORREST,GEORGE,GRATTAN,HAMBURG AVE,IRVING AVE,JEFFERSON,KNICKERBOCKER AVE,MELROSE,PETERS PL,PROSPECT,SAINT NICHOLASS AVE,SCOTT AVE,TROUTMAN,WYCKOFF AVE,NA,NA,NA,NA,NA,NA,NA,NA,NA,NA,NA,NA,NA,NA,NA,NA,NA,NA,NA,NA,NA,NA,NA,NA,NA,NA,NA,NA,NA,NA,NA,NA,NA,NA,NA,NA
176,ADAMS,BEAVER,BELVIDERE,BREMEN,BROADWAY,BURR PL,BUSHWICK AVE,ELLERY,EVERGREEN AVE,FLUSHING AVE,FORREST,GARDEN,JEFFERSON,LAFAYETTE,LOCUST,MONTIETH,MYRTLE AVE,PARK,PROSPECT,TROUTMAN,YATES PL,NA,NA,NA,NA,NA,NA,NA,NA,NA,NA,NA,NA,NA,NA,NA,NA,NA,NA,NA,NA,NA,NA,NA,NA,NA,NA,NA,NA,NA,NA,NA,NA,NA
177,BROADWAY,BUSHWICK AVE,CEDAR,CENTRAL AVE,CYPRESS AVE,DE KALB AVE,DODSWORTH,ELM,EVERGREEN AVE,HAMBURG AVE,HART,IRVING AVE,KNICKERBOCKER AVE,KOSCIUSZKO,LAWTON,MYRTLE AVE,SAINT NICHOLASS AVE,STANHOPE,STOCKHOLM,SUYDAM,WYCKOFF AVE,NA,NA,NA,NA,NA,NA,NA,NA,NA,NA,NA,NA,NA,NA,NA,NA,NA,NA,NA,NA,NA,NA,NA,NA,NA,NA,NA,NA,NA,NA,NA,NA,NA
178,BROADWAY,BUSHWICK AVE,CENTRAL AVE,CHARLES PL,CYPRESS AVE,DITMARS AVE,EVERGREEN AVE,HAMBURG AVE,IRVING AVE,KNICKERBOCKER AVE,MYRTLE,MYRTLE AVE,SAINT NICHOLASS AVE,STARR,SUYDAM,TROUTMAN,WILLOUGHBY AVE,WYCKOFF AVE,NA,NA,NA,NA,NA,NA,NA,NA,NA,NA,NA,NA,NA,NA,NA,NA,NA,NA,NA,NA,NA,NA,NA,NA,NA,NA,NA,NA,NA,NA,NA,NA,NA,NA,NA,NA
179,ABERDEEN,BROADWAY,BROADWAY AVE,BUSHWICK AVE,CACTUS PL,CEMETERY LN,CENTRAL AVE,CHAUNCEY,CONWAY,COOPER,CORNELIA,COVERT,DAHLIA,DECATUR,DURYEA,ELDERT,EVERGREEN,EVERGREEN AVE,EVERGREEN PL,FAIRFAX,FANCHON PL,FURMAN AVE,GILLEN PL,GRANITE,HAMBURG,HAMBURG AVE,HIGHLAND BLVD,HULL,IRVING AVE,IVY,JACOB,KNICKERBOCKER AVE,MARGARITA,MOFFAT,NEW JERSEY AVE,PELLINGTON,PELLINGTON PL,PILLING,SCHAEFER,STEWART,VAN VORHEES,VANDERVEER,VIGELIUS,WEIRFIELD,NA,NA,NA,NA,NA,NA,NA,NA,NA,NA
180,BLEECKER,BROADWAY,BUSHWICK AVE,CENTRAL AVE,CENTRAL PL,EVERGREEN AVE,GREENE AVE,GROVE,HAMBURG AVE,HARMAN,HIMROD,HOWARD AVE,IRVING AVE,IVY,KNICKERBOCKER AVE,KOSCIUSZKO,KOSSUTH PL,LAFAYETTE AVE,LINDEN,MAGNOLIA,MONROE,MYRTLE AVE,PALMETTO,RALPH,SAINT NICHOLASS AVE,STANHOPE,STOCKHOLM,VAN BUREN,WOODBINE,WYCKOFF AVE,NA,NA,NA,NA,NA,NA,NA,NA,NA,NA,NA,NA,NA,NA,NA,NA,NA,NA,NA,NA,NA,NA,NA,NA
181,BARTLETT,BROADWAY,FLUSHING AVE,GERRY,HARRISON AVE,MARCY AVE,THORNTON,THROOP AVE,WALLABOUT,WHIPPLE,NA,NA,NA,NA,NA,NA,NA,NA,NA,NA,NA,NA,NA,NA,NA,NA,NA,NA,NA,NA,NA,NA,NA,NA,NA,NA,NA,NA,NA,NA,NA,NA,NA,NA,NA,NA,NA,NA,NA,NA,NA,NA,NA,NA
182,BEDFORD AVE,BROADWAY,FLUSHING AVE,GWINNETT,HARRISON AVE,LEE AVE,LORIMER,MARCY AVE,MIDDLETON,THROOP AVE,WALLABOUT,WALTON,NA,NA,NA,NA,NA,NA,NA,NA,NA,NA,NA,NA,NA,NA,NA,NA,NA,NA,NA,NA,NA,NA,NA,NA,NA,NA,NA,NA,NA,NA,NA,NA,NA,NA,NA,NA,NA,NA,NA,NA,NA,NA
183,BEDFORD AVE,BROADWAY,FLUSHING AVE,FRANKLIN AVE,HARRISON AVE,HEYWARD,LEE AVE,LYNCH,MARCY AVE,MIDDLETON,RUTLEDGE,THROOP AVE,WALLABOUT,WYTHE AVE,NA,NA,NA,NA,NA,NA,NA,NA,NA,NA,NA,NA,NA,NA,NA,NA,NA,NA,NA,NA,NA,NA,NA,NA,NA,NA,NA,NA,NA,NA,NA,NA,NA,NA,NA,NA,NA,NA,NA,NA
184,BEDFORD AVE,BROADWAY,HARRISON AVE,HEWES,LEE AVE,MARCY AVE,PENN,RUTLEDGE,WYTHE AVE,NA,NA,NA,NA,NA,NA,NA,NA,NA,NA,NA,NA,NA,NA,NA,NA,NA,NA,NA,NA,NA,NA,NA,NA,NA,NA,NA,NA,NA,NA,NA,NA,NA,NA,NA,NA,NA,NA,NA,NA,NA,NA,NA,NA,NA
185,BEDFORD AVE,BROADWAY,DIVISION AVE,HARRISON AVE,HEWES,HOOPER,KEAP,LEE AVE,MARCY AVE,PENN,NA,NA,NA,NA,NA,NA,NA,NA,NA,NA,NA,NA,NA,NA,NA,NA,NA,NA,NA,NA,NA,NA,NA,NA,NA,NA,NA,NA,NA,NA,NA,NA,NA,NA,NA,NA,NA,NA,NA,NA,NA,NA,NA,NA
186,BEDFORD AVE,BROADWAY,DIVISION AVE,KEAP,LEE AVE,MARCY AVE,RODNEY,ROSS,S 9,NA,NA,NA,NA,NA,NA,NA,NA,NA,NA,NA,NA,NA,NA,NA,NA,NA,NA,NA,NA,NA,NA,NA,NA,NA,NA,NA,NA,NA,NA,NA,NA,NA,NA,NA,NA,NA,NA,NA,NA,NA,NA,NA,NA,NA
187,BEDFORD AVE,DIVISION AVE,DRIGGS AVE,HAVEMEYER,LEE AVE,MARCY AVE,ROEBLING,ROSS,S 9,TAYLOR,WILSON,NA,NA,NA,NA,NA,NA,NA,NA,NA,NA,NA,NA,NA,NA,NA,NA,NA,NA,NA,NA,NA,NA,NA,NA,NA,NA,NA,NA,NA,NA,NA,NA,NA,NA,NA,NA,NA,NA,NA,NA,NA,NA,NA
188,BEDFORD AVE,BERRY,CLYMER,DIVISION AVE,LEE AVE,MORTON,RUSH,S 11,TAYLOR,WYTHE AVE,NA,NA,NA,NA,NA,NA,NA,NA,NA,NA,NA,NA,NA,NA,NA,NA,NA,NA,NA,NA,NA,NA,NA,NA,NA,NA,NA,NA,NA,NA,NA,NA,NA,NA,NA,NA,NA,NA,NA,NA,NA,NA,NA,NA
189,BEDFORD AVE,HEWES,HOOPER,KEAP,RODNEY,ROSS,WILSON,WYTHE AVE,NA,NA,NA,NA,NA,NA,NA,NA,NA,NA,NA,NA,NA,NA,NA,NA,NA,NA,NA,NA,NA,NA,NA,NA,NA,NA,NA,NA,NA,NA,NA,NA,NA,NA,NA,NA,NA,NA,NA,NA,NA,NA,NA,NA,NA,NA
190,CLASSON AVE,CLYMER,FLUSHING AVE,FRANKLIN AVE,HEWES,HEYWARD,HOOPER,KEAP,KENT AVE,PENN,RODNEY,ROSS,RUTLEDGE,TAYLOR,WALLABOUT,WASHINGTON AVE,WILLIAMSBURG RD,WILSON,WYTHE AVE,NA,NA,NA,NA,NA,NA,NA,NA,NA,NA,NA,NA,NA,NA,NA,NA,NA,NA,NA,NA,NA,NA,NA,NA,NA,NA,NA,NA,NA,NA,NA,NA,NA,NA,NA
191,BEDFORD AVE,CLYMER,DIVISION AVE,KENT AVE,MORTON,RUSH,TAYLOR,WILSON,WYTHE AVE,NA,NA,NA,NA,NA,NA,NA,NA,NA,NA,NA,NA,NA,NA,NA,NA,NA,NA,NA,NA,NA,NA,NA,NA,NA,NA,NA,NA,NA,NA,NA,NA,NA,NA,NA,NA,NA,NA,NA,NA,NA,NA,NA,NA,NA
192,CUMBERLAND,FLUSHING AVE,MYRTLE AVE,N OXFORD,N PORTLAND AVE,PARK AVE,NA,NA,NA,NA,NA,NA,NA,NA,NA,NA,NA,NA,NA,NA,NA,NA,NA,NA,NA,NA,NA,NA,NA,NA,NA,NA,NA,NA,NA,NA,NA,NA,NA,NA,NA,NA,NA,NA,NA,NA,NA,NA,NA,NA,NA,NA,NA,NA
193,CARLTON AVE,CUMBERLAND,FLUSHING AVE,MYRTLE AVE,PARK AVE,WILLOUGHBY AVE,NA,NA,NA,NA,NA,NA,NA,NA,NA,NA,NA,NA,NA,NA,NA,NA,NA,NA,NA,NA,NA,NA,NA,NA,NA,NA,NA,NA,NA,NA,NA,NA,NA,NA,NA,NA,NA,NA,NA,NA,NA,NA,NA,NA,NA,NA,NA,NA
194,ADELPHI,CARLTON AVE,FLUSHING AVE,MYRTLE AVE,PARK AVE,WILLOUGHBY AVE,NA,NA,NA,NA,NA,NA,NA,NA,NA,NA,NA,NA,NA,NA,NA,NA,NA,NA,NA,NA,NA,NA,NA,NA,NA,NA,NA,NA,NA,NA,NA,NA,NA,NA,NA,NA,NA,NA,NA,NA,NA,NA,NA,NA,NA,NA,NA,NA
195,ADELPHI,CLERMONT AVE,FLUSHING AVE,MYRTLE AVE,PARK AVE,WILLOUGHBY AVE,NA,NA,NA,NA,NA,NA,NA,NA,NA,NA,NA,NA,NA,NA,NA,NA,NA,NA,NA,NA,NA,NA,NA,NA,NA,NA,NA,NA,NA,NA,NA,NA,NA,NA,NA,NA,NA,NA,NA,NA,NA,NA,NA,NA,NA,NA,NA,NA
196,CLERMONT AVE,FLUSHING AVE,MYRTLE AVE,PARK AVE,VANDERBILT AVE,NA,NA,NA,NA,NA,NA,NA,NA,NA,NA,NA,NA,NA,NA,NA,NA,NA,NA,NA,NA,NA,NA,NA,NA,NA,NA,NA,NA,NA,NA,NA,NA,NA,NA,NA,NA,NA,NA,NA,NA,NA,NA,NA,NA,NA,NA,NA,NA,NA
197,CLINTON AVE,FLUSHING AVE,MYRTLE AVE,PARK AVE,VANDERBILT AVE,WASHINGTON AVE,WAVERLY AVE,NA,NA,NA,NA,NA,NA,NA,NA,NA,NA,NA,NA,NA,NA,NA,NA,NA,NA,NA,NA,NA,NA,NA,NA,NA,NA,NA,NA,NA,NA,NA,NA,NA,NA,NA,NA,NA,NA,NA,NA,NA,NA,NA,NA,NA,NA,NA
198,CLERMONT AVE,CLINTON AVE,DE KALB AVE,MYRTLE AVE,VANDERBILT AVE,WASHINGTON AVE,WAVERLY AVE,WILLOUGHBY AVE,NA,NA,NA,NA,NA,NA,NA,NA,NA,NA,NA,NA,NA,NA,NA,NA,NA,NA,NA,NA,NA,NA,NA,NA,NA,NA,NA,NA,NA,NA,NA,NA,NA,NA,NA,NA,NA,NA,NA,NA,NA,NA,NA,NA,NA,NA
199,ADELPHI,CARLTON AVE,CLERMONT AVE,CUMBERLAND,DE KALB AVE,WILLOUGHBY AVE,NA,NA,NA,NA,NA,NA,NA,NA,NA,NA,NA,NA,NA,NA,NA,NA,NA,NA,NA,NA,NA,NA,NA,NA,NA,NA,NA,NA,NA,NA,NA,NA,NA,NA,NA,NA,NA,NA,NA,NA,NA,NA,NA,NA,NA,NA,NA,NA
200,ADELPHI,CARLTON AVE,CLERMONT AVE,CLINTON AVE,CUMBERLAND,DE KALB AVE,LAFAYETTE AVE,VANDERBILT AVE,WASHINGTON AVE,WAVERLY AVE,NA,NA,NA,NA,NA,NA,NA,NA,NA,NA,NA,NA,NA,NA,NA,NA,NA,NA,NA,NA,NA,NA,NA,NA,NA,NA,NA,NA,NA,NA,NA,NA,NA,NA,NA,NA,NA,NA,NA,NA,NA,NA,NA,NA
201,CUMBERLAND,DE KALB AVE,FULTON,HANSON PL,LAFAYETTE AVE,S OXFORD,S PORTLAND AVE,NA,NA,NA,NA,NA,NA,NA,NA,NA,NA,NA,NA,NA,NA,NA,NA,NA,NA,NA,NA,NA,NA,NA,NA,NA,NA,NA,NA,NA,NA,NA,NA,NA,NA,NA,NA,NA,NA,NA,NA,NA,NA,NA,NA,NA,NA,NA
202,CARLTON AVE,CUMBERLAND,FULTON,GREENE AVE,HANSON PL,LAFAYETTE AVE,S OXFORD,NA,NA,NA,NA,NA,NA,NA,NA,NA,NA,NA,NA,NA,NA,NA,NA,NA,NA,NA,NA,NA,NA,NA,NA,NA,NA,NA,NA,NA,NA,NA,NA,NA,NA,NA,NA,NA,NA,NA,NA,NA,NA,NA,NA,NA,NA,NA
203,ADELPHI,CARLTON AVE,CLERMONT AVE,CUMBERLAND,FULTON,GREENE AVE,LAFAYETTE AVE,NA,NA,NA,NA,NA,NA,NA,NA,NA,NA,NA,NA,NA,NA,NA,NA,NA,NA,NA,NA,NA,NA,NA,NA,NA,NA,NA,NA,NA,NA,NA,NA,NA,NA,NA,NA,NA,NA,NA,NA,NA,NA,NA,NA,NA,NA,NA
204,ADELPHI,CLERMONT AVE,CLINTON AVE,FULTON,GATES AVE,VANDERBILT AVE,WASHINGTON AVE,WAVERLY AVE,NA,NA,NA,NA,NA,NA,NA,NA,NA,NA,NA,NA,NA,NA,NA,NA,NA,NA,NA,NA,NA,NA,NA,NA,NA,NA,NA,NA,NA,NA,NA,NA,NA,NA,NA,NA,NA,NA,NA,NA,NA,NA,NA,NA,NA,NA
205,CLERMONT AVE,CLINTON AVE,FULTON,GATES AVE,GREENE AVE,LAFAYETTE AVE,VANDERBILT AVE,WASHINGTON AVE,WAVERLY AVE,NA,NA,NA,NA,NA,NA,NA,NA,NA,NA,NA,NA,NA,NA,NA,NA,NA,NA,NA,NA,NA,NA,NA,NA,NA,NA,NA,NA,NA,NA,NA,NA,NA,NA,NA,NA,NA,NA,NA,NA,NA,NA,NA,NA,NA
206,BROADWAY,DE KALB AVE,HART,LEWIS AVE,MALCOLM X BLVD,MYRTLE AVE,PULASKI,REID AVE,STOCKTON,STUYVESANT AVE,VERNON AVE,WILLOUGHBY AVE,YATES AVE,NA,NA,NA,NA,NA,NA,NA,NA,NA,NA,NA,NA,NA,NA,NA,NA,NA,NA,NA,NA,NA,NA,NA,NA,NA,NA,NA,NA,NA,NA,NA,NA,NA,NA,NA,NA,NA,NA,NA,NA,NA
207,BROADWAY,DE KALB AVE,KOSCIUSKO,KOSCIUSZKO,KOSSUTH PL,LAFAYETTE AVE,LEWIS AVE,PATCHEN AVE,REID,REID AVE,STUYVESANT AVE,YATES AVE,NA,NA,NA,NA,NA,NA,NA,NA,NA,NA,NA,NA,NA,NA,NA,NA,NA,NA,NA,NA,NA,NA,NA,NA,NA,NA,NA,NA,NA,NA,NA,NA,NA,NA,NA,NA,NA,NA,NA,NA,NA,NA
208,LEWIS AVE,MYRTLE AVE,STOCKTON,THROOP AVE,TOMPKINS AVE,VERNON AVE,WILLOUGHBY AVE,YATES AVE,NA,NA,NA,NA,NA,NA,NA,NA,NA,NA,NA,NA,NA,NA,NA,NA,NA,NA,NA,NA,NA,NA,NA,NA,NA,NA,NA,NA,NA,NA,NA,NA,NA,NA,NA,NA,NA,NA,NA,NA,NA,NA,NA,NA,NA,NA
209,DE KALB AVE,HART,KOSCIUSKO,LAFAYETTE AVE,LEWIS AVE,PULASKI,THROOP AVE,TOMPKINS AVE,WILLOUGHBY AVE,YATES AVE,NA,NA,NA,NA,NA,NA,NA,NA,NA,NA,NA,NA,NA,NA,NA,NA,NA,NA,NA,NA,NA,NA,NA,NA,NA,NA,NA,NA,NA,NA,NA,NA,NA,NA,NA,NA,NA,NA,NA,NA,NA,NA,NA,NA
210,DE KALB AVE,HART,MARCY AVE,NOSTRAND AVE,PULASKI,TOMPKINS AVE,NA,NA,NA,NA,NA,NA,NA,NA,NA,NA,NA,NA,NA,NA,NA,NA,NA,NA,NA,NA,NA,NA,NA,NA,NA,NA,NA,NA,NA,NA,NA,NA,NA,NA,NA,NA,NA,NA,NA,NA,NA,NA,NA,NA,NA,NA,NA,NA
211,BEDFORD AVE,DE KALB AVE,KOSCIUSKO,KOSCIUSZKO,LAFAYETTE AVE,MARCY AVE,NOSTRAND AVE,TOMPKINS AVE,NA,NA,NA,NA,NA,NA,NA,NA,NA,NA,NA,NA,NA,NA,NA,NA,NA,NA,NA,NA,NA,NA,NA,NA,NA,NA,NA,NA,NA,NA,NA,NA,NA,NA,NA,NA,NA,NA,NA,NA,NA,NA,NA,NA,NA,NA
212,BEDFORD AVE,MARCY AVE,MYRTLE AVE,NOSTRAND AVE,SANDFORD,SPENCER,TOMPKINS AVE,VERNON AVE,WALWORTH,WILLOUGHBY AVE,NA,NA,NA,NA,NA,NA,NA,NA,NA,NA,NA,NA,NA,NA,NA,NA,NA,NA,NA,NA,NA,NA,NA,NA,NA,NA,NA,NA,NA,NA,NA,NA,NA,NA,NA,NA,NA,NA,NA,NA,NA,NA,NA,NA
213,BEDFORD AVE,DE KALB AVE,HART,MARCY AVE,NOSTRAND AVE,SANDFORD,SPENCER,TOMPKINS AVE,WALWORTH,WILLOUGHBY AVE,NA,NA,NA,NA,NA,NA,NA,NA,NA,NA,NA,NA,NA,NA,NA,NA,NA,NA,NA,NA,NA,NA,NA,NA,NA,NA,NA,NA,NA,NA,NA,NA,NA,NA,NA,NA,NA,NA,NA,NA,NA,NA,NA,NA
214,BEDFORD AVE,FLUSHING AVE,MYRTLE AVE,NOSTRAND AVE,PARK AVE,SANDFORD,SPENCER,WALWORTH,NA,NA,NA,NA,NA,NA,NA,NA,NA,NA,NA,NA,NA,NA,NA,NA,NA,NA,NA,NA,NA,NA,NA,NA,NA,NA,NA,NA,NA,NA,NA,NA,NA,NA,NA,NA,NA,NA,NA,NA,NA,NA,NA,NA,NA,NA
215,ELLERY,FLUSHING AVE,HOPKINS,MARCY AVE,NOSTRAND AVE,PARK AVE,TOMPKINS AVE,NA,NA,NA,NA,NA,NA,NA,NA,NA,NA,NA,NA,NA,NA,NA,NA,NA,NA,NA,NA,NA,NA,NA,NA,NA,NA,NA,NA,NA,NA,NA,NA,NA,NA,NA,NA,NA,NA,NA,NA,NA,NA,NA,NA,NA,NA,NA
216,FLOYD,MARCY AVE,MYRTLE AVE,NOSTRAND AVE,PARK AVE,SANDFORD,STOCKTON,VERNON AVE,WALWORTH,NA,NA,NA,NA,NA,NA,NA,NA,NA,NA,NA,NA,NA,NA,NA,NA,NA,NA,NA,NA,NA,NA,NA,NA,NA,NA,NA,NA,NA,NA,NA,NA,NA,NA,NA,NA,NA,NA,NA,NA,NA,NA,NA,NA,NA
217,DELMONICO PL,ELLERY,FLUSHING AVE,HOPKINS,PARK AVE,THROOP AVE,TOMPKINS AVE,NA,NA,NA,NA,NA,NA,NA,NA,NA,NA,NA,NA,NA,NA,NA,NA,NA,NA,NA,NA,NA,NA,NA,NA,NA,NA,NA,NA,NA,NA,NA,NA,NA,NA,NA,NA,NA,NA,NA,NA,NA,NA,NA,NA,NA,NA,NA
218,FLOYD,MARCY AVE,MYRTLE AVE,PARK AVE,STOCKTON,THROOP AVE,TOMPKINS AVE,VERNON AVE,NA,NA,NA,NA,NA,NA,NA,NA,NA,NA,NA,NA,NA,NA,NA,NA,NA,NA,NA,NA,NA,NA,NA,NA,NA,NA,NA,NA,NA,NA,NA,NA,NA,NA,NA,NA,NA,NA,NA,NA,NA,NA,NA,NA,NA,NA
219,BROADWAY,ELLERY,FLUSHING AVE,HOPKINS,PARK AVE,THROOP AVE,YATES AVE,NA,NA,NA,NA,NA,NA,NA,NA,NA,NA,NA,NA,NA,NA,NA,NA,NA,NA,NA,NA,NA,NA,NA,NA,NA,NA,NA,NA,NA,NA,NA,NA,NA,NA,NA,NA,NA,NA,NA,NA,NA,NA,NA,NA,NA,NA,NA
220,BROADWAY,FLOYD,LEWIS AVE,PARK AVE,STOCKTON,THROOP AVE,YATES AVE,NA,NA,NA,NA,NA,NA,NA,NA,NA,NA,NA,NA,NA,NA,NA,NA,NA,NA,NA,NA,NA,NA,NA,NA,NA,NA,NA,NA,NA,NA,NA,NA,NA,NA,NA,NA,NA,NA,NA,NA,NA,NA,NA,NA,NA,NA,NA
221,4 AVE,5 AVE,ATLANTIC AVE,BERGEN,DEAN,FLATBUSH AVE,PACIFIC,NA,NA,NA,NA,NA,NA,NA,NA,NA,NA,NA,NA,NA,NA,NA,NA,NA,NA,NA,NA,NA,NA,NA,NA,NA,NA,NA,NA,NA,NA,NA,NA,NA,NA,NA,NA,NA,NA,NA,NA,NA,NA,NA,NA,NA,NA,NA
222,4 AVE,5 AVE,6 AVE,BALTIC,BERGEN,FLATBUSH AVE,S. PROSPECT PL,SAINT MARKS AVE,SAINT MARKS PL,WARREN,NA,NA,NA,NA,NA,NA,NA,NA,NA,NA,NA,NA,NA,NA,NA,NA,NA,NA,NA,NA,NA,NA,NA,NA,NA,NA,NA,NA,NA,NA,NA,NA,NA,NA,NA,NA,NA,NA,NA,NA,NA,NA,NA,NA
223,4 AVE,5 AVE,6 AVE,7 AVE,8 AVE,BALTIC,BUTLER,DOUGLASS,FLATBUSH AVE,PARK PL,S. PROSPECT PL,SAINT JOHNS PL,STERLING PL,NA,NA,NA,NA,NA,NA,NA,NA,NA,NA,NA,NA,NA,NA,NA,NA,NA,NA,NA,NA,NA,NA,NA,NA,NA,NA,NA,NA,NA,NA,NA,NA,NA,NA,NA,NA,NA,NA,NA,NA,NA
224,4 AVE,5 AVE,6 AVE,7 AVE,8 AVE,CARROLL,DEGRAW,DOUGLASS,FISKE PL,FLATBUSH AVE,GARFIELD PL,LINCOLN PL,MACOMB,MONTGOMERY,POLHEMUS PL,PRESIDENT,PROSPECT PARK GRAND ARMY PLZ,SACKETT,SAINT JOHNS PL,UNION,W PLZ,NA,NA,NA,NA,NA,NA,NA,NA,NA,NA,NA,NA,NA,NA,NA,NA,NA,NA,NA,NA,NA,NA,NA,NA,NA,NA,NA,NA,NA,NA,NA,NA,NA
225,1,1 AVE,10,11,12,13,2,2 AVE,3,3 AVE,4,4 AVE,5,5 AVE,6,6 AVE,7,7 AVE,8,8 AVE,9,GARFIELD PL,HAMILTON AVE,MACOMB,NA,NA,NA,NA,NA,NA,NA,NA,NA,NA,NA,NA,NA,NA,NA,NA,NA,NA,NA,NA,NA,NA,NA,NA,NA,NA,NA,NA,NA,NA
226,1 AVE,10,11,2 AVE,3 AVE,4 AVE,5 AVE,6 AVE,7 AVE,8,8 AVE,9,NA,NA,NA,NA,NA,NA,NA,NA,NA,NA,NA,NA,NA,NA,NA,NA,NA,NA,NA,NA,NA,NA,NA,NA,NA,NA,NA,NA,NA,NA,NA,NA,NA,NA,NA,NA,NA,NA,NA,NA,NA,NA
227,1 AVE,11,12,2 AVE,3 AVE,4 AVE,5 AVE,6 AVE,7 AVE,8 AVE,NA,NA,NA,NA,NA,NA,NA,NA,NA,NA,NA,NA,NA,NA,NA,NA,NA,NA,NA,NA,NA,NA,NA,NA,NA,NA,NA,NA,NA,NA,NA,NA,NA,NA,NA,NA,NA,NA,NA,NA,NA,NA,NA,NA
228,1 AVE,12,13,2 AVE,3 AVE,4 AVE,5 AVE,6 AVE,7 AVE,8 AVE,NA,NA,NA,NA,NA,NA,NA,NA,NA,NA,NA,NA,NA,NA,NA,NA,NA,NA,NA,NA,NA,NA,NA,NA,NA,NA,NA,NA,NA,NA,NA,NA,NA,NA,NA,NA,NA,NA,NA,NA,NA,NA,NA,NA
229,1 AVE,13,14,15,16,2 AVE,3 AVE,4 AVE,5 AVE,6 AVE,7 AVE,8 AVE,HAMILTON AVE,PROSPECT AVE,NA,NA,NA,NA,NA,NA,NA,NA,NA,NA,NA,NA,NA,NA,NA,NA,NA,NA,NA,NA,NA,NA,NA,NA,NA,NA,NA,NA,NA,NA,NA,NA,NA,NA,NA,NA,NA,NA,NA,NA
230,10 AVE,11 AVE,13,14,15,16,3 AVE,4 AVE,5 AVE,6 AVE,7 AVE,8 AVE,9 AVE,BRAXTON,FULLER PL,HOWARD PL,JACKSON PL,PROSPECT AVE,PROSPECT PARK SOUTH WEST,SHERMAN,W PROSPECT,WEBSTER PL,WINDSOR PL,NA,NA,NA,NA,NA,NA,NA,NA,NA,NA,NA,NA,NA,NA,NA,NA,NA,NA,NA,NA,NA,NA,NA,NA,NA,NA,NA,NA,NA,NA,NA
231,ALBANY AVE,ANDREW PL,BKLYN AVE,DECATUR,FULTON,HALSEY,HERKIMER,KINGSTON AVE,MACON,MARCY AVE,MCDONOUGH,NEW YORK AVE,THROOP AVE,TOMPKINS AVE,YATES AVE,NA,NA,NA,NA,NA,NA,NA,NA,NA,NA,NA,NA,NA,NA,NA,NA,NA,NA,NA,NA,NA,NA,NA,NA,NA,NA,NA,NA,NA,NA,NA,NA,NA,NA,NA,NA,NA,NA,NA
232,ARLINGTON PL,BEDFORD AVE,FULTON,HALSEY,HANCOCK,HERKIMER,HERKIMER PL,JEFFERSON AVE,MACON,MARCY AVE,NEW YORK AVE,NOSTRAND AVE,PERRY PL,VERONA PL,NA,NA,NA,NA,NA,NA,NA,NA,NA,NA,NA,NA,NA,NA,NA,NA,NA,NA,NA,NA,NA,NA,NA,NA,NA,NA,NA,NA,NA,NA,NA,NA,NA,NA,NA,NA,NA,NA,NA,NA
233,BEDFORD AVE,GATES AVE,MARCY AVE,MONROE,NOSTRAND AVE,QUINCY,NA,NA,NA,NA,NA,NA,NA,NA,NA,NA,NA,NA,NA,NA,NA,NA,NA,NA,NA,NA,NA,NA,NA,NA,NA,NA,NA,NA,NA,NA,NA,NA,NA,NA,NA,NA,NA,NA,NA,NA,NA,NA,NA,NA,NA,NA,NA,NA
234,BEDFORD AVE,JEFFERSON AVE,MADISON,MARCY AVE,MONROE,NOSTRAND AVE,PUTNAM AVE,NA,NA,NA,NA,NA,NA,NA,NA,NA,NA,NA,NA,NA,NA,NA,NA,NA,NA,NA,NA,NA,NA,NA,NA,NA,NA,NA,NA,NA,NA,NA,NA,NA,NA,NA,NA,NA,NA,NA,NA,NA,NA,NA,NA,NA,NA,NA
235,GATES AVE,LEXINGTON AVE,MARCY AVE,MONROE,QUINCY,THROOP AVE,TOMPKINS AVE,YATES AVE,NA,NA,NA,NA,NA,NA,NA,NA,NA,NA,NA,NA,NA,NA,NA,NA,NA,NA,NA,NA,NA,NA,NA,NA,NA,NA,NA,NA,NA,NA,NA,NA,NA,NA,NA,NA,NA,NA,NA,NA,NA,NA,NA,NA,NA,NA
236,HALSEY,HANCOCK,JEFFERSON AVE,MACON,MADISON,MARCY AVE,MONROE,PUTNAM AVE,THROOP AVE,TOMPKINS AVE,YATES AVE,NA,NA,NA,NA,NA,NA,NA,NA,NA,NA,NA,NA,NA,NA,NA,NA,NA,NA,NA,NA,NA,NA,NA,NA,NA,NA,NA,NA,NA,NA,NA,NA,NA,NA,NA,NA,NA,NA,NA,NA,NA,NA,NA
237,GREENE AVE,LAFAYETTE AVE,LEXINGTON AVE,MARCY AVE,THROOP AVE,TOMPKINS AVE,VAN BUREN,YATES AVE,NA,NA,NA,NA,NA,NA,NA,NA,NA,NA,NA,NA,NA,NA,NA,NA,NA,NA,NA,NA,NA,NA,NA,NA,NA,NA,NA,NA,NA,NA,NA,NA,NA,NA,NA,NA,NA,NA,NA,NA,NA,NA,NA,NA,NA,NA
238,BEDFORD AVE,GREENE AVE,LAFAYETTE AVE,LEXINGTON AVE,MARCY AVE,NOSTRAND AVE,QUINCY,VAN BUREN,NA,NA,NA,NA,NA,NA,NA,NA,NA,NA,NA,NA,NA,NA,NA,NA,NA,NA,NA,NA,NA,NA,NA,NA,NA,NA,NA,NA,NA,NA,NA,NA,NA,NA,NA,NA,NA,NA,NA,NA,NA,NA,NA,NA,NA,NA
239,BERGEN,BKLYN AVE,BROOKLYN AVE,BUTLER,CANARSIE AVE,CARROLL,CROWN,DEAN,DEGRAW,DOUGLASS,EAST PKWY,MALBONE,MONTGOMERY,NEW YORK AVE,NOSTRAND AVE,PACIFIC,PARK PL,PARK WAY,PRESIDENT,PROSPECT PL,SAINT MARKS AVE,UNION,NA,NA,NA,NA,NA,NA,NA,NA,NA,NA,NA,NA,NA,NA,NA,NA,NA,NA,NA,NA,NA,NA,NA,NA,NA,NA,NA,NA,NA,NA,NA,NA
240,BEDFORD AVE,BERGEN,BUTLER,CARROLL,CEDAR PL,CROWN,DEAN,DEARBORN CT,DEGRAW,DOUGLASS,EAST PKWY,FRANKLIN AVE,MC KEEVER PL,MONTGOMERY,NOSTRAND AVE,OLD BEDFORD RD,PACIFIC,PARK PL,PRESIDENT,PROSPECT PL,ROGERS AVE,SAINT JOHNS PL,SAINT MARKS AVE,STERLING PL,SULLIVAN PL,UNION,NA,NA,NA,NA,NA,NA,NA,NA,NA,NA,NA,NA,NA,NA,NA,NA,NA,NA,NA,NA,NA,NA,NA,NA,NA,NA,NA,NA
241,ALBANY AVE,BERGEN,BKLYN AVE,BROOKLYN AVE,BUTLER,CARROLL,CROWN,DEAN,DEGRAW,DOUGLASS,EAST PKWY,HUDSON AVE,KINGSTON AVE,MALBONE,MONTGOMERY,PACIFIC,PARK PL,PRESIDENT,PROSPECT PL,SAINT MARKS AVE,SCHNECTADY AVE,TROY AVE,UNION,NA,NA,NA,NA,NA,NA,NA,NA,NA,NA,NA,NA,NA,NA,NA,NA,NA,NA,NA,NA,NA,NA,NA,NA,NA,NA,NA,NA,NA,NA,NA
242,ATLANTIC AVE,BERGEN,BUFFALO AVE,BUTLER,CARROLL,CROWN,DEAN,DEGRAW,DOUGLASS,EAST PKWY,EASTERN PKWY,HOPKINSON,HOPKINSON AVE,HOWARD AVE,LINCOLN PL,MALBONE,MARKS AVE,MONTGOMERY,MOTHER GASTON BLVD,PACIFIC,PARK PL,PRESIDENT,PROSPECT PL,RALPH AVE,ROCHESTER AVE,ROCKAWAY AVE,SACKMAN,SAINT JOHNS PL,SAINT MARKS AVE,SARATOGA AVE,SCHNECTADY AVE,STONE AVE,TAPSCOTT AVE,UNION,UTICA AVE,VAN SINDEREN AVE,NA,NA,NA,NA,NA,NA,NA,NA,NA,NA,NA,NA,NA,NA,NA,NA,NA,NA
243,GATES AVE,GREENE AVE,JEFFERSON AVE,LAFAYETTE AVE,LEXINGTON AVE,MADISON,MONROE,PUTNAM AVE,QUINCY,REID AVE,STUYVESANT AVE,VAN BUREN,NA,NA,NA,NA,NA,NA,NA,NA,NA,NA,NA,NA,NA,NA,NA,NA,NA,NA,NA,NA,NA,NA,NA,NA,NA,NA,NA,NA,NA,NA,NA,NA,NA,NA,NA,NA,NA,NA,NA,NA,NA,NA
244,GATES AVE,GREENE AVE,HALSEY,HANCOCK,JEFFERSON AVE,LAFAYETTE AVE,LEWIS AVE,LEXINGTON AVE,MADISON,MONROE,PUTNAM AVE,QUINCY,STUYVESANT AVE,VAN BUREN,YATES AVE,NA,NA,NA,NA,NA,NA,NA,NA,NA,NA,NA,NA,NA,NA,NA,NA,NA,NA,NA,NA,NA,NA,NA,NA,NA,NA,NA,NA,NA,NA,NA,NA,NA,NA,NA,NA,NA,NA,NA
245,ALBANY AVE,BAINBRIDGE,CHAUNCEY,DECATUR,FULTON,HALSEY,HERKIMER,LEWIS AVE,MACON,MCDONOUGH,SCHNECTADY AVE,STUYVESANT AVE,TROY AVE,YATES AVE,NA,NA,NA,NA,NA,NA,NA,NA,NA,NA,NA,NA,NA,NA,NA,NA,NA,NA,NA,NA,NA,NA,NA,NA,NA,NA,NA,NA,NA,NA,NA,NA,NA,NA,NA,NA,NA,NA,NA,NA
246,BAINBRIDGE,DECATUR,HALSEY,HANCOCK,JEFFERSON AVE,MACON,MADISON,MCDONOUGH,PATCHEN AVE,PUTNAM AVE,REID AVE,STUYVESANT AVE,NA,NA,NA,NA,NA,NA,NA,NA,NA,NA,NA,NA,NA,NA,NA,NA,NA,NA,NA,NA,NA,NA,NA,NA,NA,NA,NA,NA,NA,NA,NA,NA,NA,NA,NA,NA,NA,NA,NA,NA,NA,NA
247,BAINBRIDGE,BUFFALO AVE,CHAUNCEY,FELLOW PL,FULTON,HERKIMER,HUNTERFLY PL,MARION,PATCHEN AVE,REID AVE,ROCHESTER AVE,SCHNECTADY AVE,STUYVESANT AVE,SUMPTER,SUYDAM PL,UTICA AVE,NA,NA,NA,NA,NA,NA,NA,NA,NA,NA,NA,NA,NA,NA,NA,NA,NA,NA,NA,NA,NA,NA,NA,NA,NA,NA,NA,NA,NA,NA,NA,NA,NA,NA,NA,NA,NA,NA
248,BROADWAY,GATES AVE,GREENE AVE,LAFAYETTE AVE,LEXINGTON AVE,MADISON,MONROE,PATCHEN AVE,QUINCY,RALPH AVE,REID AVE,VAN BUREN,NA,NA,NA,NA,NA,NA,NA,NA,NA,NA,NA,NA,NA,NA,NA,NA,NA,NA,NA,NA,NA,NA,NA,NA,NA,NA,NA,NA,NA,NA,NA,NA,NA,NA,NA,NA,NA,NA,NA,NA,NA,NA
249,BAINBRIDGE,CHAUNCEY,DECATUR,FULTON,HALSEY,HANCOCK,JEFFERSON AVE,MACDOUGAL,MACON,MADISON,MARION,MCDONOUGH,PATCHEN AVE,PUTNAM AVE,RALPH AVE,SUMPTER,NA,NA,NA,NA,NA,NA,NA,NA,NA,NA,NA,NA,NA,NA,NA,NA,NA,NA,NA,NA,NA,NA,NA,NA,NA,NA,NA,NA,NA,NA,NA,NA,NA,NA,NA,NA,NA,NA
250,ATLANTIC AVE,BAINBRIDGE,BANCROFT PL,BROADWAY,BROADWAY AVE,BROOKLYN JAMAICA TURNPIKE,BUFFALO AVE,CHAUNCEY,COLUMBUS PL,COOPER PL,DECATUR,FULTON,GATES AVE,GUNTHER PL,HALSEY,HANCOCK,HAVENS PL,HERKIMER,HOPKINSON,HOPKINSON AVE,HOWARD AVE,HULL,JARDINE PL,JEFFERSON AVE,KANE PL,LOUIS PL,MACDONOUGH,MACDOUGAL,MACON,MADISON,MARION,MCDONOUGH,MONACO PL,MONROE,OCEAN PL,PLEASANT PL,PRESCOTT PL,PUTNAM AVE,QUINCY,RADDE PL,RALPH AVE,ROCKAWAY AVE,RUSSELL PL,SACKMAN,SARATOGA AVE,SHERLOCK PL,SOMERS,STONE,STONE AVE,STONE AVW,SUMPTER,TRUXTON,VAN SINDEREN AVE,WILLIAMS PL
